--
-- PostgreSQL database dump
--

-- Dumped from database version 16.2
-- Dumped by pg_dump version 16.2

SET statement_timeout = 0;
SET lock_timeout = 0;
SET idle_in_transaction_session_timeout = 0;
SET client_encoding = 'UTF8';
SET standard_conforming_strings = on;
SELECT pg_catalog.set_config('search_path', '', false);
SET check_function_bodies = false;
SET xmloption = content;
SET client_min_messages = warning;
SET row_security = off;

DROP DATABASE eventmgmt;
--
-- Name: eventmgmt; Type: DATABASE; Schema: -; Owner: postgres
--

CREATE DATABASE eventmgmt WITH TEMPLATE = template0 ENCODING = 'UTF8' LOCALE_PROVIDER = libc LOCALE = 'English_United States.1252';


ALTER DATABASE eventmgmt OWNER TO postgres;

\connect eventmgmt

SET statement_timeout = 0;
SET lock_timeout = 0;
SET idle_in_transaction_session_timeout = 0;
SET client_encoding = 'UTF8';
SET standard_conforming_strings = on;
SELECT pg_catalog.set_config('search_path', '', false);
SET check_function_bodies = false;
SET xmloption = content;
SET client_min_messages = warning;
SET row_security = off;

SET default_tablespace = '';

SET default_table_access_method = heap;

--
-- Name: attendees; Type: TABLE; Schema: public; Owner: postgres
--

CREATE TABLE public.attendees (
    attendee_id integer NOT NULL,
    attendee_name character varying(255) NOT NULL,
    attendee_email character varying(255) NOT NULL
);


ALTER TABLE public.attendees OWNER TO postgres;

--
-- Name: attendees_attendee_id_seq; Type: SEQUENCE; Schema: public; Owner: postgres
--

CREATE SEQUENCE public.attendees_attendee_id_seq
    AS integer
    START WITH 1
    INCREMENT BY 1
    NO MINVALUE
    NO MAXVALUE
    CACHE 1;


ALTER SEQUENCE public.attendees_attendee_id_seq OWNER TO postgres;

--
-- Name: attendees_attendee_id_seq; Type: SEQUENCE OWNED BY; Schema: public; Owner: postgres
--

ALTER SEQUENCE public.attendees_attendee_id_seq OWNED BY public.attendees.attendee_id;


--
-- Name: events; Type: TABLE; Schema: public; Owner: postgres
--

CREATE TABLE public.events (
    event_id integer NOT NULL,
    event_name character varying(255) NOT NULL,
    event_date date NOT NULL,
    event_location character varying(255) NOT NULL
);


ALTER TABLE public.events OWNER TO postgres;

--
-- Name: events_event_id_seq; Type: SEQUENCE; Schema: public; Owner: postgres
--

CREATE SEQUENCE public.events_event_id_seq
    AS integer
    START WITH 1
    INCREMENT BY 1
    NO MINVALUE
    NO MAXVALUE
    CACHE 1;


ALTER SEQUENCE public.events_event_id_seq OWNER TO postgres;

--
-- Name: events_event_id_seq; Type: SEQUENCE OWNED BY; Schema: public; Owner: postgres
--

ALTER SEQUENCE public.events_event_id_seq OWNED BY public.events.event_id;


--
-- Name: registrations; Type: TABLE; Schema: public; Owner: postgres
--

CREATE TABLE public.registrations (
    registration_id integer NOT NULL,
    event_id integer NOT NULL,
    attendee_id integer NOT NULL,
    registered_at timestamp without time zone DEFAULT CURRENT_TIMESTAMP
);


ALTER TABLE public.registrations OWNER TO postgres;

--
-- Name: registrations_registration_id_seq; Type: SEQUENCE; Schema: public; Owner: postgres
--

CREATE SEQUENCE public.registrations_registration_id_seq
    AS integer
    START WITH 1
    INCREMENT BY 1
    NO MINVALUE
    NO MAXVALUE
    CACHE 1;


ALTER SEQUENCE public.registrations_registration_id_seq OWNER TO postgres;

--
-- Name: registrations_registration_id_seq; Type: SEQUENCE OWNED BY; Schema: public; Owner: postgres
--

ALTER SEQUENCE public.registrations_registration_id_seq OWNED BY public.registrations.registration_id;


--
-- Name: attendees attendee_id; Type: DEFAULT; Schema: public; Owner: postgres
--

ALTER TABLE ONLY public.attendees ALTER COLUMN attendee_id SET DEFAULT nextval('public.attendees_attendee_id_seq'::regclass);


--
-- Name: events event_id; Type: DEFAULT; Schema: public; Owner: postgres
--

ALTER TABLE ONLY public.events ALTER COLUMN event_id SET DEFAULT nextval('public.events_event_id_seq'::regclass);


--
-- Name: registrations registration_id; Type: DEFAULT; Schema: public; Owner: postgres
--

ALTER TABLE ONLY public.registrations ALTER COLUMN registration_id SET DEFAULT nextval('public.registrations_registration_id_seq'::regclass);


--
-- Data for Name: attendees; Type: TABLE DATA; Schema: public; Owner: postgres
--

INSERT INTO public.attendees VALUES (1, 'Glynn Tregonna', 'gtregonna0@globo.com');
INSERT INTO public.attendees VALUES (2, 'Brittany Ivanshintsev', 'bivanshintsev1@wsj.com');
INSERT INTO public.attendees VALUES (3, 'Valry Cartmer', 'vcartmer2@hhs.gov');
INSERT INTO public.attendees VALUES (4, 'Laurette Gherardesci', 'lgherardesci3@photobucket.com');
INSERT INTO public.attendees VALUES (5, 'Ricki Plaster', 'rplaster4@skyrock.com');
INSERT INTO public.attendees VALUES (6, 'Rainer Mcettrick', 'rmcettrick5@imdb.com');
INSERT INTO public.attendees VALUES (7, 'Robbert Bouzek', 'rbouzek6@yahoo.com');
INSERT INTO public.attendees VALUES (8, 'Amalie Rudram', 'arudram7@miibeian.gov.cn');
INSERT INTO public.attendees VALUES (9, 'Kimball Coate', 'kcoate8@deliciousdays.com');
INSERT INTO public.attendees VALUES (10, 'Deena Cannaway', 'dcannaway9@webeden.co.uk');
INSERT INTO public.attendees VALUES (11, 'Dasya Garmey', 'dgarmeya@nifty.com');
INSERT INTO public.attendees VALUES (12, 'Gherardo Catherine', 'gcatherineb@shutterfly.com');
INSERT INTO public.attendees VALUES (13, 'Karin Gallahar', 'kgallaharc@is.gd');
INSERT INTO public.attendees VALUES (14, 'Mala Braunston', 'mbraunstond@ted.com');
INSERT INTO public.attendees VALUES (15, 'Jori Powe', 'jpowee@bizjournals.com');
INSERT INTO public.attendees VALUES (16, 'Simone Lainge', 'slaingef@goodreads.com');
INSERT INTO public.attendees VALUES (17, 'Clemmy Fillan', 'cfillang@webeden.co.uk');
INSERT INTO public.attendees VALUES (18, 'Valerie Langforth', 'vlangforthh@nbcnews.com');
INSERT INTO public.attendees VALUES (19, 'Marielle Whipp', 'mwhippi@mapy.cz');
INSERT INTO public.attendees VALUES (20, 'Kerrie Maldin', 'kmaldinj@reverbnation.com');
INSERT INTO public.attendees VALUES (21, 'Chick Whelan', 'cwhelank@mozilla.com');
INSERT INTO public.attendees VALUES (22, 'Tomasina Forrest', 'tforrestl@adobe.com');
INSERT INTO public.attendees VALUES (23, 'Coop Angell', 'cangellm@bizjournals.com');
INSERT INTO public.attendees VALUES (24, 'Muffin Brastead', 'mbrasteadn@parallels.com');
INSERT INTO public.attendees VALUES (25, 'Sydel Anyon', 'sanyono@buzzfeed.com');
INSERT INTO public.attendees VALUES (26, 'Abeu Cooksey', 'acookseyp@japanpost.jp');
INSERT INTO public.attendees VALUES (27, 'Kalil Fold', 'kfoldq@shop-pro.jp');
INSERT INTO public.attendees VALUES (28, 'Orazio Pescod', 'opescodr@scribd.com');
INSERT INTO public.attendees VALUES (29, 'Ignatius Reynolds', 'ireynoldss@digg.com');
INSERT INTO public.attendees VALUES (30, 'Raffarty Coxhell', 'rcoxhellt@mtv.com');
INSERT INTO public.attendees VALUES (31, 'Thaddeus Rusk', 'trusku@utexas.edu');
INSERT INTO public.attendees VALUES (32, 'Carrie Beenham', 'cbeenhamv@comcast.net');
INSERT INTO public.attendees VALUES (33, 'Gabbie Scare', 'gscarew@china.com.cn');
INSERT INTO public.attendees VALUES (34, 'Gusta Haggart', 'ghaggartx@infoseek.co.jp');
INSERT INTO public.attendees VALUES (35, 'Ceil Jiggins', 'cjigginsy@seattletimes.com');
INSERT INTO public.attendees VALUES (36, 'Halimeda Allberry', 'hallberryz@ucsd.edu');
INSERT INTO public.attendees VALUES (37, 'Culley Lorinez', 'clorinez10@chicagotribune.com');
INSERT INTO public.attendees VALUES (38, 'Purcell Aluard', 'paluard11@usnews.com');
INSERT INTO public.attendees VALUES (39, 'Zabrina Breadmore', 'zbreadmore12@boston.com');
INSERT INTO public.attendees VALUES (40, 'Yard Okey', 'yokey13@elpais.com');
INSERT INTO public.attendees VALUES (41, 'Christy Breache', 'cbreache14@digg.com');
INSERT INTO public.attendees VALUES (42, 'Loreen Delcastel', 'ldelcastel15@mail.ru');
INSERT INTO public.attendees VALUES (43, 'Doria Molohan', 'dmolohan16@1und1.de');
INSERT INTO public.attendees VALUES (44, 'Amory Skym', 'askym17@baidu.com');
INSERT INTO public.attendees VALUES (45, 'Oran McKenzie', 'omckenzie18@privacy.gov.au');
INSERT INTO public.attendees VALUES (46, 'Hollis Greenhall', 'hgreenhall19@blogtalkradio.com');
INSERT INTO public.attendees VALUES (47, 'Erda Meric', 'emeric1a@princeton.edu');
INSERT INTO public.attendees VALUES (48, 'Allison Hadrill', 'ahadrill1b@dion.ne.jp');
INSERT INTO public.attendees VALUES (49, 'Garek Dalgetty', 'gdalgetty1c@google.nl');
INSERT INTO public.attendees VALUES (50, 'Darlene Piggott', 'dpiggott1d@state.gov');
INSERT INTO public.attendees VALUES (51, 'Shantee Simonassi', 'ssimonassi1e@cmu.edu');
INSERT INTO public.attendees VALUES (52, 'Evey Farlowe', 'efarlowe1f@woothemes.com');
INSERT INTO public.attendees VALUES (53, 'Gale Petr', 'gpetr1g@godaddy.com');
INSERT INTO public.attendees VALUES (54, 'Padriac Petrenko', 'ppetrenko1h@nasa.gov');
INSERT INTO public.attendees VALUES (55, 'Clayton Lukacs', 'clukacs1i@chronoengine.com');
INSERT INTO public.attendees VALUES (56, 'Rivi O Dreain', 'rodreain1j@dion.ne.jp');
INSERT INTO public.attendees VALUES (57, 'Sigfried Le Friec', 'sle1k@typepad.com');
INSERT INTO public.attendees VALUES (58, 'Brett Barnwall', 'bbarnwall1l@xinhuanet.com');
INSERT INTO public.attendees VALUES (59, 'Janelle Budnik', 'jbudnik1m@is.gd');
INSERT INTO public.attendees VALUES (60, 'Sam Lavies', 'slavies1n@instagram.com');
INSERT INTO public.attendees VALUES (61, 'Mair Coulman', 'mcoulman1o@mapy.cz');
INSERT INTO public.attendees VALUES (62, 'Cecil Gyngyll', 'cgyngyll1p@fotki.com');
INSERT INTO public.attendees VALUES (63, 'Salvatore Pardoe', 'spardoe1q@so-net.ne.jp');
INSERT INTO public.attendees VALUES (64, 'Arty Tallboy', 'atallboy1r@unc.edu');
INSERT INTO public.attendees VALUES (65, 'Raeann Trembley', 'rtrembley1s@dagondesign.com');
INSERT INTO public.attendees VALUES (66, 'Erek Kobierra', 'ekobierra1t@eepurl.com');
INSERT INTO public.attendees VALUES (67, 'Ilario Dittson', 'idittson1u@digg.com');
INSERT INTO public.attendees VALUES (68, 'Charley Baroch', 'cbaroch1v@state.tx.us');
INSERT INTO public.attendees VALUES (69, 'Sonia Slopier', 'sslopier1w@odnoklassniki.ru');
INSERT INTO public.attendees VALUES (70, 'Barbi Eveque', 'beveque1x@ow.ly');
INSERT INTO public.attendees VALUES (71, 'Gardiner Oats', 'goats1y@europa.eu');
INSERT INTO public.attendees VALUES (72, 'Pedro Chalder', 'pchalder1z@skyrock.com');
INSERT INTO public.attendees VALUES (73, 'Lizette Bergen', 'lbergen20@goo.ne.jp');
INSERT INTO public.attendees VALUES (74, 'Jermaine Rantoull', 'jrantoull21@squidoo.com');
INSERT INTO public.attendees VALUES (75, 'Dorey Hattiff', 'dhattiff22@squidoo.com');
INSERT INTO public.attendees VALUES (76, 'Nicolas Kerslake', 'nkerslake23@xrea.com');
INSERT INTO public.attendees VALUES (77, 'Loise Dreng', 'ldreng24@marketwatch.com');
INSERT INTO public.attendees VALUES (78, 'Jermaine Ziem', 'jziem25@goo.ne.jp');
INSERT INTO public.attendees VALUES (79, 'Sherye Merriton', 'smerriton26@chronoengine.com');
INSERT INTO public.attendees VALUES (80, 'Merrel Izon', 'mizon27@macromedia.com');
INSERT INTO public.attendees VALUES (81, 'Holly Beathem', 'hbeathem28@unicef.org');
INSERT INTO public.attendees VALUES (82, 'Roch Batters', 'rbatters29@go.com');
INSERT INTO public.attendees VALUES (83, 'Walton Kersaw', 'wkersaw2a@berkeley.edu');
INSERT INTO public.attendees VALUES (84, 'Tresa Bartocci', 'tbartocci2b@auda.org.au');
INSERT INTO public.attendees VALUES (85, 'Virgil Greber', 'vgreber2c@last.fm');
INSERT INTO public.attendees VALUES (86, 'Roxine Nisco', 'rnisco2d@bloglovin.com');
INSERT INTO public.attendees VALUES (87, 'Cleve Hartopp', 'chartopp2e@cbc.ca');
INSERT INTO public.attendees VALUES (88, 'Charmain Hounihan', 'chounihan2f@state.gov');
INSERT INTO public.attendees VALUES (89, 'Laural Grabbam', 'lgrabbam2g@typepad.com');
INSERT INTO public.attendees VALUES (90, 'Broddie Denekamp', 'bdenekamp2h@linkedin.com');
INSERT INTO public.attendees VALUES (91, 'Mel Girardez', 'mgirardez2i@huffingtonpost.com');
INSERT INTO public.attendees VALUES (92, 'Neill Paladino', 'npaladino2j@infoseek.co.jp');
INSERT INTO public.attendees VALUES (93, 'Darice Scrinage', 'dscrinage2k@etsy.com');
INSERT INTO public.attendees VALUES (94, 'Genia Heyfield', 'gheyfield2l@dot.gov');
INSERT INTO public.attendees VALUES (95, 'Lewes Dacre', 'ldacre2m@sciencedaily.com');
INSERT INTO public.attendees VALUES (96, 'Lorry Gardiner', 'lgardiner2n@addtoany.com');
INSERT INTO public.attendees VALUES (97, 'Stanleigh Zukierman', 'szukierman2o@baidu.com');
INSERT INTO public.attendees VALUES (98, 'Koralle Scorthorne', 'kscorthorne2p@histats.com');
INSERT INTO public.attendees VALUES (99, 'Hamlen Thunnercliffe', 'hthunnercliffe2q@examiner.com');
INSERT INTO public.attendees VALUES (100, 'Kimmi McGeraghty', 'kmcgeraghty2r@amazon.co.uk');
INSERT INTO public.attendees VALUES (101, 'Lettie Fearnsides', 'lfearnsides2s@diigo.com');
INSERT INTO public.attendees VALUES (102, 'Lamond Auton', 'lauton2t@tripod.com');
INSERT INTO public.attendees VALUES (103, 'Saunder Beauvais', 'sbeauvais2u@stanford.edu');
INSERT INTO public.attendees VALUES (104, 'Guinna Ahern', 'gahern2v@howstuffworks.com');
INSERT INTO public.attendees VALUES (105, 'Jennie Lakeman', 'jlakeman2w@goo.gl');
INSERT INTO public.attendees VALUES (106, 'Cole Towey', 'ctowey2x@unicef.org');
INSERT INTO public.attendees VALUES (107, 'Mallory Youings', 'myouings2y@rambler.ru');
INSERT INTO public.attendees VALUES (108, 'Levi Siaskowski', 'lsiaskowski2z@bloglines.com');
INSERT INTO public.attendees VALUES (109, 'Brena Beisley', 'bbeisley30@woothemes.com');
INSERT INTO public.attendees VALUES (110, 'Vite Moxson', 'vmoxson31@aboutads.info');
INSERT INTO public.attendees VALUES (111, 'Gustavus Clawson', 'gclawson32@theglobeandmail.com');
INSERT INTO public.attendees VALUES (112, 'De Wellum', 'dwellum33@earthlink.net');
INSERT INTO public.attendees VALUES (113, 'Vi Autie', 'vautie34@php.net');
INSERT INTO public.attendees VALUES (114, 'Abbe Emms', 'aemms35@sitemeter.com');
INSERT INTO public.attendees VALUES (115, 'Bud Landeg', 'blandeg36@mediafire.com');
INSERT INTO public.attendees VALUES (116, 'Madelle Gathercole', 'mgathercole37@dion.ne.jp');
INSERT INTO public.attendees VALUES (117, 'Constanta McLeese', 'cmcleese38@deliciousdays.com');
INSERT INTO public.attendees VALUES (118, 'Loutitia Prevett', 'lprevett39@accuweather.com');
INSERT INTO public.attendees VALUES (119, 'Clareta Mannock', 'cmannock3a@studiopress.com');
INSERT INTO public.attendees VALUES (120, 'Gaspar Osbourne', 'gosbourne3b@fc2.com');
INSERT INTO public.attendees VALUES (121, 'Issiah Carrodus', 'icarrodus3c@uiuc.edu');
INSERT INTO public.attendees VALUES (122, 'Andras Duckham', 'aduckham3d@biblegateway.com');
INSERT INTO public.attendees VALUES (123, 'Aldwin Ingilson', 'aingilson3e@umn.edu');
INSERT INTO public.attendees VALUES (124, 'Wallis Pemberton', 'wpemberton3f@yahoo.co.jp');
INSERT INTO public.attendees VALUES (125, 'Bogey Betancourt', 'bbetancourt3g@engadget.com');
INSERT INTO public.attendees VALUES (126, 'Paolo Cabral', 'pcabral3h@unc.edu');
INSERT INTO public.attendees VALUES (127, 'Clarice Shireff', 'cshireff3i@edublogs.org');
INSERT INTO public.attendees VALUES (128, 'Ingra Taphouse', 'itaphouse3j@about.com');
INSERT INTO public.attendees VALUES (129, 'Elwood Luther', 'eluther3k@independent.co.uk');
INSERT INTO public.attendees VALUES (130, 'Tabbie Wailes', 'twailes3l@sourceforge.net');
INSERT INTO public.attendees VALUES (131, 'Wandie Chatelain', 'wchatelain3m@oakley.com');
INSERT INTO public.attendees VALUES (132, 'Burch Castagnet', 'bcastagnet3n@go.com');
INSERT INTO public.attendees VALUES (133, 'Kit Smithson', 'ksmithson3o@ocn.ne.jp');
INSERT INTO public.attendees VALUES (134, 'Dorella Couzens', 'dcouzens3p@trellian.com');
INSERT INTO public.attendees VALUES (135, 'Aubree Leebeter', 'aleebeter3q@google.it');
INSERT INTO public.attendees VALUES (136, 'Emanuel Hamman', 'ehamman3r@auda.org.au');
INSERT INTO public.attendees VALUES (137, 'Charlotta Troppmann', 'ctroppmann3s@omniture.com');
INSERT INTO public.attendees VALUES (138, 'Gustaf Thumann', 'gthumann3t@microsoft.com');
INSERT INTO public.attendees VALUES (139, 'Katlin Cockayme', 'kcockayme3u@pen.io');
INSERT INTO public.attendees VALUES (140, 'Lari Barnfield', 'lbarnfield3v@nbcnews.com');
INSERT INTO public.attendees VALUES (141, 'Rance Balwin', 'rbalwin3w@smugmug.com');
INSERT INTO public.attendees VALUES (142, 'Malina Fackney', 'mfackney3x@cam.ac.uk');
INSERT INTO public.attendees VALUES (143, 'Murdoch Bruntje', 'mbruntje3y@gmpg.org');
INSERT INTO public.attendees VALUES (144, 'Loretta Fandrich', 'lfandrich3z@cocolog-nifty.com');
INSERT INTO public.attendees VALUES (145, 'Claresta Samwaye', 'csamwaye40@smh.com.au');
INSERT INTO public.attendees VALUES (146, 'Wood Soall', 'wsoall41@live.com');
INSERT INTO public.attendees VALUES (147, 'Cly Ridhole', 'cridhole42@businessinsider.com');
INSERT INTO public.attendees VALUES (148, 'Christiano Barti', 'cbarti43@springer.com');
INSERT INTO public.attendees VALUES (149, 'Peri Lobell', 'plobell44@google.nl');
INSERT INTO public.attendees VALUES (150, 'Johna Skillett', 'jskillett45@plala.or.jp');
INSERT INTO public.attendees VALUES (151, 'Melisande Vasyunichev', 'mvasyunichev46@hud.gov');
INSERT INTO public.attendees VALUES (152, 'Costa Pantone', 'cpantone47@usda.gov');
INSERT INTO public.attendees VALUES (153, 'Brande Balma', 'bbalma48@bandcamp.com');
INSERT INTO public.attendees VALUES (154, 'Moina Boldock', 'mboldock49@goo.gl');
INSERT INTO public.attendees VALUES (155, 'Thomasina Burtwell', 'tburtwell4a@jugem.jp');
INSERT INTO public.attendees VALUES (156, 'Saunders Chiechio', 'schiechio4b@wikia.com');
INSERT INTO public.attendees VALUES (157, 'York Brugman', 'ybrugman4c@friendfeed.com');
INSERT INTO public.attendees VALUES (158, 'Gweneth Mangon', 'gmangon4d@dot.gov');
INSERT INTO public.attendees VALUES (159, 'Ania Freer', 'afreer4e@chron.com');
INSERT INTO public.attendees VALUES (160, 'Jilly Grinter', 'jgrinter4f@va.gov');
INSERT INTO public.attendees VALUES (161, 'Sarette Martel', 'smartel4g@alexa.com');
INSERT INTO public.attendees VALUES (162, 'Karlie Millwall', 'kmillwall4h@squidoo.com');
INSERT INTO public.attendees VALUES (163, 'Larine Pudan', 'lpudan4i@google.com.br');
INSERT INTO public.attendees VALUES (164, 'Adrea Kall', 'akall4j@barnesandnoble.com');
INSERT INTO public.attendees VALUES (165, 'Gasper Sartain', 'gsartain4k@wiley.com');
INSERT INTO public.attendees VALUES (166, 'Valaree Bucklee', 'vbucklee4l@kickstarter.com');
INSERT INTO public.attendees VALUES (167, 'Anastassia Rathbone', 'arathbone4m@samsung.com');
INSERT INTO public.attendees VALUES (168, 'Delcina Worwood', 'dworwood4n@de.vu');
INSERT INTO public.attendees VALUES (169, 'Blinny Tysack', 'btysack4o@infoseek.co.jp');
INSERT INTO public.attendees VALUES (170, 'Petronilla Mounch', 'pmounch4p@wikispaces.com');
INSERT INTO public.attendees VALUES (171, 'Madelaine Pollastrone', 'mpollastrone4q@fc2.com');
INSERT INTO public.attendees VALUES (172, 'Madelyn Pond-Jones', 'mpondjones4r@jiathis.com');
INSERT INTO public.attendees VALUES (173, 'Flem Banke', 'fbanke4s@cbsnews.com');
INSERT INTO public.attendees VALUES (174, 'Jeniece Mallya', 'jmallya4t@walmart.com');
INSERT INTO public.attendees VALUES (175, 'Belia Blaxter', 'bblaxter4u@list-manage.com');
INSERT INTO public.attendees VALUES (176, 'Dame Matyukon', 'dmatyukon4v@a8.net');
INSERT INTO public.attendees VALUES (177, 'Hieronymus Polding', 'hpolding4w@purevolume.com');
INSERT INTO public.attendees VALUES (178, 'Drucy Corain', 'dcorain4x@ucoz.com');
INSERT INTO public.attendees VALUES (179, 'Henderson Mountjoy', 'hmountjoy4y@independent.co.uk');
INSERT INTO public.attendees VALUES (180, 'Caro Bicker', 'cbicker4z@squidoo.com');
INSERT INTO public.attendees VALUES (181, 'Leslie Giamelli', 'lgiamelli50@princeton.edu');
INSERT INTO public.attendees VALUES (182, 'Neall Magog', 'nmagog51@fastcompany.com');
INSERT INTO public.attendees VALUES (183, 'Lars Fullagar', 'lfullagar52@nih.gov');
INSERT INTO public.attendees VALUES (184, 'Zachariah Carrington', 'zcarrington53@bing.com');
INSERT INTO public.attendees VALUES (185, 'Kerry Cullin', 'kcullin54@cnn.com');
INSERT INTO public.attendees VALUES (186, 'Jennie Tills', 'jtills55@deliciousdays.com');
INSERT INTO public.attendees VALUES (187, 'Carolynn Alessandrini', 'calessandrini56@dmoz.org');
INSERT INTO public.attendees VALUES (188, 'Stearne Roseborough', 'sroseborough57@globo.com');
INSERT INTO public.attendees VALUES (189, 'Quillan Durnford', 'qdurnford58@de.vu');
INSERT INTO public.attendees VALUES (190, 'Gustave Scrafton', 'gscrafton59@wsj.com');
INSERT INTO public.attendees VALUES (191, 'Lydie Dumper', 'ldumper5a@nytimes.com');
INSERT INTO public.attendees VALUES (192, 'Gabby Mole', 'gmole5b@google.ca');
INSERT INTO public.attendees VALUES (193, 'Samara Dingwall', 'sdingwall5c@t-online.de');
INSERT INTO public.attendees VALUES (194, 'Helyn Roan', 'hroan5d@wp.com');
INSERT INTO public.attendees VALUES (195, 'Obadias Dewire', 'odewire5e@dropbox.com');
INSERT INTO public.attendees VALUES (196, 'Anissa Darbyshire', 'adarbyshire5f@github.com');
INSERT INTO public.attendees VALUES (197, 'Gigi Meanwell', 'gmeanwell5g@vk.com');
INSERT INTO public.attendees VALUES (198, 'Indira Isley', 'iisley5h@seattletimes.com');
INSERT INTO public.attendees VALUES (199, 'Donielle Cammell', 'dcammell5i@admin.ch');
INSERT INTO public.attendees VALUES (200, 'Lazare Houltham', 'lhoultham5j@rediff.com');


--
-- Data for Name: events; Type: TABLE DATA; Schema: public; Owner: postgres
--

INSERT INTO public.events VALUES (1, 'eget nunc donec', '2022-12-30', 'South Fulton');
INSERT INTO public.events VALUES (2, 'faucibus accumsan', '2022-12-18', 'Lalganj');
INSERT INTO public.events VALUES (3, 'duis bibendum', '2022-03-05', 'Shahuwadi');
INSERT INTO public.events VALUES (4, 'posuere cubilia curae nulla', '2021-01-31', 'Kanayannur');
INSERT INTO public.events VALUES (5, 'potenti in eleifend', '2022-01-27', 'Paramathi Velur');
INSERT INTO public.events VALUES (6, 'volutpat sapien arcu sed', '2022-05-13', 'Bariq');
INSERT INTO public.events VALUES (7, 'vestibulum ac est lacinia', '2022-11-10', 'Qingnian');
INSERT INTO public.events VALUES (8, 'ornare consequat lectus', '2021-04-27', 'Chirmiri');
INSERT INTO public.events VALUES (9, 'primis in faucibus', '2021-04-24', 'Longling County');
INSERT INTO public.events VALUES (10, 'imperdiet nullam orci', '2021-03-17', 'Altstadt');
INSERT INTO public.events VALUES (11, 'vel lectus in', '2022-07-20', 'Yongcheng');
INSERT INTO public.events VALUES (12, 'parturient montes nascetur', '2021-11-16', 'Shihao');
INSERT INTO public.events VALUES (13, 'dapibus augue vel accumsan', '2022-04-21', 'Qingnian');
INSERT INTO public.events VALUES (14, 'sem sed', '2022-12-18', 'Fuhuan');
INSERT INTO public.events VALUES (15, 'nec euismod', '2021-02-27', 'Kanayannur');
INSERT INTO public.events VALUES (16, 'non mi integer ac', '2022-08-05', 'Liangping');
INSERT INTO public.events VALUES (17, 'turpis integer', '2021-12-22', 'Mingshan');
INSERT INTO public.events VALUES (18, 'ante vel ipsum', '2022-10-02', 'Lalganj');
INSERT INTO public.events VALUES (19, 'tristique in tempus sit', '2022-05-28', 'Xihu');
INSERT INTO public.events VALUES (20, 'non mattis', '2022-10-02', 'Jiaping');
INSERT INTO public.events VALUES (21, 'vivamus metus', '2021-03-18', 'Shuanglonghu');
INSERT INTO public.events VALUES (22, 'in consequat ut nulla', '2021-03-17', 'Lalganj');
INSERT INTO public.events VALUES (23, 'pede ac', '2022-01-27', 'Jieshi');
INSERT INTO public.events VALUES (24, 'fusce posuere', '2022-12-18', 'Yanghe');
INSERT INTO public.events VALUES (25, 'habitasse platea dictumst morbi', '2021-03-10', 'Dianzi');
INSERT INTO public.events VALUES (26, 'varius ut blandit', '2021-08-25', 'Qingnian');
INSERT INTO public.events VALUES (27, 'posuere cubilia curae', '2021-07-25', 'Zhawa');
INSERT INTO public.events VALUES (28, 'magnis dis parturient', '2022-12-18', 'Yawa');
INSERT INTO public.events VALUES (29, 'pede ullamcorper augue', '2022-02-07', 'Tuwaite');
INSERT INTO public.events VALUES (30, 'odio consequat varius', '2021-09-17', 'Lalganj');
INSERT INTO public.events VALUES (31, 'justo lacinia eget', '2021-01-26', 'Qingnian');
INSERT INTO public.events VALUES (32, 'faucibus accumsan', '2022-04-11', 'Manglai');
INSERT INTO public.events VALUES (33, 'ut dolor', '2021-04-24', 'Kuoyiqi');
INSERT INTO public.events VALUES (34, 'mattis pulvinar', '2022-01-23', 'Qingnian');
INSERT INTO public.events VALUES (35, 'aliquet at feugiat', '2022-09-25', 'Jiahanbage');
INSERT INTO public.events VALUES (36, 'in quam', '2022-12-18', 'Akesalayi');
INSERT INTO public.events VALUES (37, 'interdum eu tincidunt', '2021-02-27', 'Lalganj');
INSERT INTO public.events VALUES (38, 'vitae nisi', '2022-05-09', 'Jiayi');
INSERT INTO public.events VALUES (39, 'ut dolor morbi vel', '2022-01-27', 'Arele');
INSERT INTO public.events VALUES (40, 'sapien sapien non mi', '2022-06-25', 'Qingnian');
INSERT INTO public.events VALUES (41, 'sem duis', '2021-01-18', 'Awuliya');
INSERT INTO public.events VALUES (42, 'velit eu est congue', '2022-05-24', 'Qingnian');
INSERT INTO public.events VALUES (43, 'lorem quisque', '2021-12-24', 'Hudiyuzi');
INSERT INTO public.events VALUES (44, 'ultrices enim lorem', '2022-01-27', 'Kanayannur');
INSERT INTO public.events VALUES (45, 'facilisi cras non', '2022-06-12', 'Yishikuli');
INSERT INTO public.events VALUES (46, 'interdum mauris', '2021-03-17', 'Wudalike');
INSERT INTO public.events VALUES (47, 'enim leo rhoncus sed', '2022-12-18', 'Kanayannur');
INSERT INTO public.events VALUES (48, 'ridiculus mus vivamus', '2022-10-11', 'Paikeqi');
INSERT INTO public.events VALUES (49, 'augue luctus', '2022-04-21', 'Mixia');
INSERT INTO public.events VALUES (50, 'faucibus orci luctus', '2021-04-27', 'Kanayannur');


--
-- Data for Name: registrations; Type: TABLE DATA; Schema: public; Owner: postgres
--

INSERT INTO public.registrations VALUES (1, 25, 196, '2022-04-07 03:05:00');
INSERT INTO public.registrations VALUES (2, 23, 82, '2022-04-06 18:12:00');
INSERT INTO public.registrations VALUES (3, 14, 192, '2021-08-16 09:57:00');
INSERT INTO public.registrations VALUES (4, 9, 82, '2022-04-10 02:05:00');
INSERT INTO public.registrations VALUES (5, 1, 177, '2021-12-05 18:25:00');
INSERT INTO public.registrations VALUES (6, 23, 40, '2022-03-07 18:06:00');
INSERT INTO public.registrations VALUES (7, 33, 80, '2022-07-29 23:42:00');
INSERT INTO public.registrations VALUES (8, 23, 119, '2022-05-05 09:45:00');
INSERT INTO public.registrations VALUES (9, 37, 136, '2021-07-10 12:23:00');
INSERT INTO public.registrations VALUES (10, 11, 56, '2021-11-02 08:28:00');
INSERT INTO public.registrations VALUES (11, 5, 87, '2022-11-06 15:03:00');
INSERT INTO public.registrations VALUES (12, 36, 63, '2022-03-06 16:22:00');
INSERT INTO public.registrations VALUES (13, 48, 101, '2022-05-31 17:05:00');
INSERT INTO public.registrations VALUES (14, 20, 57, '2021-09-25 00:55:00');
INSERT INTO public.registrations VALUES (15, 20, 197, '2022-01-06 05:35:00');
INSERT INTO public.registrations VALUES (16, 20, 161, '2022-04-29 03:47:00');
INSERT INTO public.registrations VALUES (17, 21, 15, '2022-11-03 20:11:00');
INSERT INTO public.registrations VALUES (18, 1, 2, '2021-02-26 19:40:00');
INSERT INTO public.registrations VALUES (19, 24, 59, '2022-02-01 07:25:00');
INSERT INTO public.registrations VALUES (20, 44, 186, '2021-10-03 15:45:00');
INSERT INTO public.registrations VALUES (21, 45, 30, '2021-01-25 21:04:00');
INSERT INTO public.registrations VALUES (22, 41, 46, '2022-12-11 08:17:00');
INSERT INTO public.registrations VALUES (23, 14, 39, '2022-11-04 14:49:00');
INSERT INTO public.registrations VALUES (24, 39, 183, '2021-11-19 15:14:00');
INSERT INTO public.registrations VALUES (25, 37, 40, '2021-03-07 01:29:00');
INSERT INTO public.registrations VALUES (26, 44, 29, '2021-04-25 12:43:00');
INSERT INTO public.registrations VALUES (27, 39, 79, '2021-04-27 00:17:00');
INSERT INTO public.registrations VALUES (28, 13, 143, '2021-05-08 21:52:00');
INSERT INTO public.registrations VALUES (29, 32, 121, '2021-06-01 20:36:00');
INSERT INTO public.registrations VALUES (30, 8, 60, '2022-10-13 17:12:00');
INSERT INTO public.registrations VALUES (31, 31, 158, '2022-03-14 18:45:00');
INSERT INTO public.registrations VALUES (32, 42, 31, '2022-10-11 14:50:00');
INSERT INTO public.registrations VALUES (33, 5, 27, '2021-07-23 12:28:00');
INSERT INTO public.registrations VALUES (34, 48, 169, '2022-05-02 18:39:00');
INSERT INTO public.registrations VALUES (35, 27, 71, '2021-07-26 00:58:00');
INSERT INTO public.registrations VALUES (36, 45, 73, '2021-04-17 02:09:00');
INSERT INTO public.registrations VALUES (37, 27, 190, '2022-03-14 11:23:00');
INSERT INTO public.registrations VALUES (38, 50, 89, '2021-12-26 19:27:00');
INSERT INTO public.registrations VALUES (39, 3, 46, '2021-07-13 12:04:00');
INSERT INTO public.registrations VALUES (40, 32, 192, '2021-05-11 13:25:00');
INSERT INTO public.registrations VALUES (41, 24, 3, '2021-08-04 17:24:00');
INSERT INTO public.registrations VALUES (42, 24, 5, '2022-07-11 17:19:00');
INSERT INTO public.registrations VALUES (43, 15, 127, '2021-06-08 10:31:00');
INSERT INTO public.registrations VALUES (44, 16, 12, '2021-12-11 23:26:00');
INSERT INTO public.registrations VALUES (45, 21, 175, '2022-09-26 15:21:00');
INSERT INTO public.registrations VALUES (46, 36, 19, '2022-06-11 23:36:00');
INSERT INTO public.registrations VALUES (47, 37, 174, '2022-12-21 03:03:00');
INSERT INTO public.registrations VALUES (48, 7, 149, '2022-11-03 03:59:00');
INSERT INTO public.registrations VALUES (49, 44, 177, '2022-12-01 18:56:00');
INSERT INTO public.registrations VALUES (50, 2, 57, '2021-06-20 09:11:00');
INSERT INTO public.registrations VALUES (51, 50, 82, '2021-09-02 12:40:00');
INSERT INTO public.registrations VALUES (52, 5, 6, '2021-09-06 13:58:00');
INSERT INTO public.registrations VALUES (53, 2, 59, '2022-09-30 06:09:00');
INSERT INTO public.registrations VALUES (54, 39, 87, '2021-03-28 01:04:00');
INSERT INTO public.registrations VALUES (55, 13, 21, '2021-10-11 16:06:00');
INSERT INTO public.registrations VALUES (56, 21, 71, '2022-07-20 21:51:00');
INSERT INTO public.registrations VALUES (57, 35, 184, '2021-10-01 05:27:00');
INSERT INTO public.registrations VALUES (58, 26, 23, '2022-12-29 20:07:00');
INSERT INTO public.registrations VALUES (59, 18, 80, '2021-09-12 06:15:00');
INSERT INTO public.registrations VALUES (60, 23, 77, '2022-10-08 19:42:00');
INSERT INTO public.registrations VALUES (61, 42, 17, '2022-10-18 12:11:00');
INSERT INTO public.registrations VALUES (62, 41, 160, '2021-01-01 20:13:00');
INSERT INTO public.registrations VALUES (63, 30, 179, '2022-03-11 17:10:00');
INSERT INTO public.registrations VALUES (64, 40, 148, '2022-06-16 21:43:00');
INSERT INTO public.registrations VALUES (65, 8, 80, '2021-01-12 14:36:00');
INSERT INTO public.registrations VALUES (66, 18, 78, '2021-07-18 16:48:00');
INSERT INTO public.registrations VALUES (67, 1, 192, '2021-10-09 08:40:00');
INSERT INTO public.registrations VALUES (68, 27, 148, '2022-02-13 05:52:00');
INSERT INTO public.registrations VALUES (69, 11, 163, '2022-07-01 17:53:00');
INSERT INTO public.registrations VALUES (70, 29, 59, '2021-07-10 17:11:00');
INSERT INTO public.registrations VALUES (71, 36, 69, '2022-12-17 08:21:00');
INSERT INTO public.registrations VALUES (72, 15, 115, '2021-11-26 01:19:00');
INSERT INTO public.registrations VALUES (73, 13, 60, '2022-03-25 13:18:00');
INSERT INTO public.registrations VALUES (74, 3, 146, '2022-04-17 12:38:00');
INSERT INTO public.registrations VALUES (75, 50, 114, '2022-09-24 01:13:00');
INSERT INTO public.registrations VALUES (76, 2, 191, '2021-09-28 21:48:00');
INSERT INTO public.registrations VALUES (77, 4, 28, '2021-05-26 14:23:00');
INSERT INTO public.registrations VALUES (78, 36, 73, '2021-07-28 06:33:00');
INSERT INTO public.registrations VALUES (79, 42, 173, '2022-11-23 23:19:00');
INSERT INTO public.registrations VALUES (80, 35, 200, '2022-12-24 00:19:00');
INSERT INTO public.registrations VALUES (81, 7, 70, '2021-07-29 15:53:00');
INSERT INTO public.registrations VALUES (82, 12, 20, '2022-09-02 15:56:00');
INSERT INTO public.registrations VALUES (83, 15, 82, '2021-04-11 00:59:00');
INSERT INTO public.registrations VALUES (84, 33, 103, '2021-06-30 15:26:00');
INSERT INTO public.registrations VALUES (85, 24, 68, '2021-02-16 00:16:00');
INSERT INTO public.registrations VALUES (86, 25, 155, '2022-09-01 02:12:00');
INSERT INTO public.registrations VALUES (87, 23, 95, '2021-10-25 05:02:00');
INSERT INTO public.registrations VALUES (88, 15, 67, '2021-02-01 16:48:00');
INSERT INTO public.registrations VALUES (89, 32, 104, '2021-08-13 06:10:00');
INSERT INTO public.registrations VALUES (90, 26, 70, '2022-09-08 14:23:00');
INSERT INTO public.registrations VALUES (91, 50, 145, '2022-08-17 09:29:00');
INSERT INTO public.registrations VALUES (92, 42, 124, '2022-04-28 10:00:00');
INSERT INTO public.registrations VALUES (93, 48, 188, '2022-09-09 13:01:00');
INSERT INTO public.registrations VALUES (94, 4, 153, '2021-07-18 07:17:00');
INSERT INTO public.registrations VALUES (95, 46, 188, '2022-07-14 02:13:00');
INSERT INTO public.registrations VALUES (96, 11, 192, '2021-05-09 18:19:00');
INSERT INTO public.registrations VALUES (97, 18, 79, '2022-06-26 03:17:00');
INSERT INTO public.registrations VALUES (98, 15, 101, '2021-03-31 21:05:00');
INSERT INTO public.registrations VALUES (99, 38, 141, '2021-09-11 10:34:00');
INSERT INTO public.registrations VALUES (100, 46, 180, '2021-10-21 17:48:00');
INSERT INTO public.registrations VALUES (101, 33, 147, '2021-10-31 11:43:00');
INSERT INTO public.registrations VALUES (102, 25, 64, '2022-09-12 15:31:00');
INSERT INTO public.registrations VALUES (103, 31, 81, '2022-11-11 06:14:00');
INSERT INTO public.registrations VALUES (104, 6, 26, '2021-03-02 13:10:00');
INSERT INTO public.registrations VALUES (105, 20, 196, '2022-01-29 17:32:00');
INSERT INTO public.registrations VALUES (106, 21, 181, '2021-09-15 15:09:00');
INSERT INTO public.registrations VALUES (107, 42, 135, '2022-11-04 10:35:00');
INSERT INTO public.registrations VALUES (108, 2, 27, '2021-05-24 07:02:00');
INSERT INTO public.registrations VALUES (109, 15, 130, '2022-09-22 13:20:00');
INSERT INTO public.registrations VALUES (110, 1, 98, '2021-03-05 10:16:00');
INSERT INTO public.registrations VALUES (111, 46, 153, '2022-03-08 01:19:00');
INSERT INTO public.registrations VALUES (112, 40, 189, '2021-08-09 04:42:00');
INSERT INTO public.registrations VALUES (113, 47, 108, '2021-08-02 17:39:00');
INSERT INTO public.registrations VALUES (114, 17, 171, '2021-03-02 10:26:00');
INSERT INTO public.registrations VALUES (115, 26, 48, '2022-02-10 10:26:00');
INSERT INTO public.registrations VALUES (116, 35, 167, '2022-09-23 13:02:00');
INSERT INTO public.registrations VALUES (117, 14, 82, '2021-12-08 20:32:00');
INSERT INTO public.registrations VALUES (118, 18, 195, '2022-11-12 21:40:00');
INSERT INTO public.registrations VALUES (119, 13, 97, '2022-02-18 03:05:00');
INSERT INTO public.registrations VALUES (120, 25, 54, '2021-12-20 21:01:00');
INSERT INTO public.registrations VALUES (121, 39, 109, '2022-03-18 04:48:00');
INSERT INTO public.registrations VALUES (122, 2, 62, '2022-04-28 12:37:00');
INSERT INTO public.registrations VALUES (123, 38, 25, '2022-04-08 23:43:00');
INSERT INTO public.registrations VALUES (124, 1, 107, '2022-08-12 14:49:00');
INSERT INTO public.registrations VALUES (125, 30, 25, '2021-03-05 14:31:00');
INSERT INTO public.registrations VALUES (126, 34, 119, '2021-01-27 05:28:00');
INSERT INTO public.registrations VALUES (127, 30, 108, '2022-07-12 14:00:00');
INSERT INTO public.registrations VALUES (128, 40, 156, '2021-12-07 12:45:00');
INSERT INTO public.registrations VALUES (129, 11, 142, '2021-12-11 22:36:00');
INSERT INTO public.registrations VALUES (130, 11, 109, '2021-09-14 11:32:00');
INSERT INTO public.registrations VALUES (131, 8, 112, '2022-06-23 04:28:00');
INSERT INTO public.registrations VALUES (132, 42, 114, '2022-06-04 18:06:00');
INSERT INTO public.registrations VALUES (133, 47, 40, '2022-03-21 14:12:00');
INSERT INTO public.registrations VALUES (134, 41, 128, '2022-09-20 09:29:00');
INSERT INTO public.registrations VALUES (135, 25, 46, '2022-10-09 14:06:00');
INSERT INTO public.registrations VALUES (136, 32, 116, '2021-07-16 15:03:00');
INSERT INTO public.registrations VALUES (137, 40, 1, '2021-01-27 05:58:00');
INSERT INTO public.registrations VALUES (138, 14, 16, '2022-07-20 23:49:00');
INSERT INTO public.registrations VALUES (139, 44, 6, '2022-12-17 04:54:00');
INSERT INTO public.registrations VALUES (140, 43, 38, '2022-02-05 15:51:00');
INSERT INTO public.registrations VALUES (141, 14, 74, '2021-06-01 22:47:00');
INSERT INTO public.registrations VALUES (142, 50, 64, '2022-08-19 01:36:00');
INSERT INTO public.registrations VALUES (143, 20, 102, '2022-10-13 21:53:00');
INSERT INTO public.registrations VALUES (144, 1, 46, '2021-05-16 06:10:00');
INSERT INTO public.registrations VALUES (145, 18, 164, '2022-03-23 11:08:00');
INSERT INTO public.registrations VALUES (146, 9, 124, '2021-12-24 02:33:00');
INSERT INTO public.registrations VALUES (147, 22, 176, '2022-06-16 07:38:00');
INSERT INTO public.registrations VALUES (148, 26, 22, '2021-01-26 19:52:00');
INSERT INTO public.registrations VALUES (149, 3, 27, '2022-03-28 06:13:00');
INSERT INTO public.registrations VALUES (150, 14, 115, '2021-03-12 08:10:00');
INSERT INTO public.registrations VALUES (151, 24, 108, '2022-02-18 22:38:00');
INSERT INTO public.registrations VALUES (152, 15, 40, '2022-06-07 08:11:00');
INSERT INTO public.registrations VALUES (153, 29, 159, '2022-07-17 16:59:00');
INSERT INTO public.registrations VALUES (154, 27, 182, '2022-06-28 22:43:00');
INSERT INTO public.registrations VALUES (155, 31, 34, '2021-01-11 23:42:00');
INSERT INTO public.registrations VALUES (156, 8, 70, '2021-01-29 18:11:00');
INSERT INTO public.registrations VALUES (157, 1, 112, '2021-10-20 17:50:00');
INSERT INTO public.registrations VALUES (158, 15, 73, '2021-12-10 17:24:00');
INSERT INTO public.registrations VALUES (159, 26, 121, '2022-01-13 22:50:00');
INSERT INTO public.registrations VALUES (160, 24, 80, '2021-02-15 06:44:00');
INSERT INTO public.registrations VALUES (161, 41, 199, '2021-08-20 15:59:00');
INSERT INTO public.registrations VALUES (162, 16, 115, '2022-02-13 15:27:00');
INSERT INTO public.registrations VALUES (163, 23, 191, '2022-09-21 12:51:00');
INSERT INTO public.registrations VALUES (164, 20, 67, '2021-10-04 02:40:00');
INSERT INTO public.registrations VALUES (165, 40, 70, '2021-09-21 17:12:00');
INSERT INTO public.registrations VALUES (166, 3, 118, '2021-12-14 01:54:00');
INSERT INTO public.registrations VALUES (167, 35, 65, '2021-06-08 19:34:00');
INSERT INTO public.registrations VALUES (168, 39, 174, '2022-11-20 09:12:00');
INSERT INTO public.registrations VALUES (169, 22, 168, '2022-04-21 00:21:00');
INSERT INTO public.registrations VALUES (170, 41, 151, '2022-07-21 02:53:00');
INSERT INTO public.registrations VALUES (171, 14, 37, '2022-03-01 18:46:00');
INSERT INTO public.registrations VALUES (172, 6, 79, '2022-10-21 00:42:00');
INSERT INTO public.registrations VALUES (173, 8, 45, '2022-04-01 21:55:00');
INSERT INTO public.registrations VALUES (174, 16, 172, '2021-06-16 21:39:00');
INSERT INTO public.registrations VALUES (175, 21, 125, '2021-12-13 19:53:00');
INSERT INTO public.registrations VALUES (176, 40, 42, '2021-11-29 16:18:00');
INSERT INTO public.registrations VALUES (177, 18, 190, '2022-05-09 21:43:00');
INSERT INTO public.registrations VALUES (178, 9, 84, '2021-09-16 22:55:00');
INSERT INTO public.registrations VALUES (179, 30, 124, '2021-05-07 03:41:00');
INSERT INTO public.registrations VALUES (180, 5, 125, '2022-01-26 14:50:00');
INSERT INTO public.registrations VALUES (181, 3, 166, '2021-12-31 03:09:00');
INSERT INTO public.registrations VALUES (182, 9, 105, '2021-03-01 23:53:00');
INSERT INTO public.registrations VALUES (183, 1, 39, '2022-09-13 11:23:00');
INSERT INTO public.registrations VALUES (184, 6, 177, '2021-05-02 18:43:00');
INSERT INTO public.registrations VALUES (185, 25, 111, '2021-09-12 20:46:00');
INSERT INTO public.registrations VALUES (186, 43, 137, '2021-12-13 08:30:00');
INSERT INTO public.registrations VALUES (187, 38, 106, '2021-08-26 02:29:00');
INSERT INTO public.registrations VALUES (188, 15, 142, '2021-01-31 08:38:00');
INSERT INTO public.registrations VALUES (189, 42, 192, '2022-06-07 11:23:00');
INSERT INTO public.registrations VALUES (190, 18, 83, '2022-06-16 15:22:00');
INSERT INTO public.registrations VALUES (191, 13, 170, '2021-07-24 04:15:00');
INSERT INTO public.registrations VALUES (192, 36, 98, '2021-05-28 14:03:00');
INSERT INTO public.registrations VALUES (193, 38, 77, '2022-09-14 15:21:00');
INSERT INTO public.registrations VALUES (194, 46, 107, '2021-12-05 05:51:00');
INSERT INTO public.registrations VALUES (195, 25, 197, '2021-12-29 08:34:00');
INSERT INTO public.registrations VALUES (196, 15, 109, '2021-05-19 04:23:00');
INSERT INTO public.registrations VALUES (197, 37, 29, '2022-10-02 04:40:00');
INSERT INTO public.registrations VALUES (198, 42, 152, '2022-03-28 13:31:00');
INSERT INTO public.registrations VALUES (199, 6, 67, '2021-11-03 22:44:00');
INSERT INTO public.registrations VALUES (200, 48, 118, '2021-02-06 18:36:00');
INSERT INTO public.registrations VALUES (201, 47, 37, '2021-10-14 05:35:00');
INSERT INTO public.registrations VALUES (202, 39, 163, '2021-11-21 02:45:00');
INSERT INTO public.registrations VALUES (203, 46, 53, '2021-08-21 17:38:00');
INSERT INTO public.registrations VALUES (204, 23, 198, '2021-04-24 09:18:00');
INSERT INTO public.registrations VALUES (205, 5, 132, '2022-10-31 11:12:00');
INSERT INTO public.registrations VALUES (206, 12, 79, '2021-09-07 11:44:00');
INSERT INTO public.registrations VALUES (207, 46, 39, '2022-11-02 00:03:00');
INSERT INTO public.registrations VALUES (208, 45, 90, '2021-06-17 17:57:00');
INSERT INTO public.registrations VALUES (209, 23, 184, '2022-04-12 19:24:00');
INSERT INTO public.registrations VALUES (210, 34, 58, '2021-12-25 17:53:00');
INSERT INTO public.registrations VALUES (211, 7, 51, '2021-08-10 08:20:00');
INSERT INTO public.registrations VALUES (212, 6, 187, '2022-10-14 05:02:00');
INSERT INTO public.registrations VALUES (213, 23, 75, '2021-02-16 21:53:00');
INSERT INTO public.registrations VALUES (214, 42, 58, '2022-11-22 23:12:00');
INSERT INTO public.registrations VALUES (215, 42, 97, '2021-03-30 21:16:00');
INSERT INTO public.registrations VALUES (216, 25, 85, '2022-07-02 04:41:00');
INSERT INTO public.registrations VALUES (217, 38, 54, '2021-09-25 19:25:00');
INSERT INTO public.registrations VALUES (218, 7, 148, '2021-12-04 09:55:00');
INSERT INTO public.registrations VALUES (219, 2, 186, '2021-02-11 23:06:00');
INSERT INTO public.registrations VALUES (220, 46, 66, '2022-03-17 19:08:00');
INSERT INTO public.registrations VALUES (221, 19, 120, '2022-04-08 14:04:00');
INSERT INTO public.registrations VALUES (222, 16, 31, '2022-05-13 09:23:00');
INSERT INTO public.registrations VALUES (223, 43, 12, '2022-02-11 03:11:00');
INSERT INTO public.registrations VALUES (224, 1, 104, '2022-01-14 11:30:00');
INSERT INTO public.registrations VALUES (225, 33, 144, '2022-03-08 01:18:00');
INSERT INTO public.registrations VALUES (226, 1, 69, '2021-10-24 01:26:00');
INSERT INTO public.registrations VALUES (227, 3, 175, '2021-06-19 12:37:00');
INSERT INTO public.registrations VALUES (228, 1, 51, '2022-08-18 08:06:00');
INSERT INTO public.registrations VALUES (229, 6, 122, '2021-10-14 01:15:00');
INSERT INTO public.registrations VALUES (230, 6, 175, '2022-08-20 11:52:00');
INSERT INTO public.registrations VALUES (231, 3, 32, '2022-05-20 07:54:00');
INSERT INTO public.registrations VALUES (232, 9, 43, '2022-08-07 02:56:00');
INSERT INTO public.registrations VALUES (233, 8, 37, '2022-04-17 10:14:00');
INSERT INTO public.registrations VALUES (234, 47, 149, '2022-01-13 20:56:00');
INSERT INTO public.registrations VALUES (235, 39, 81, '2021-12-30 19:59:00');
INSERT INTO public.registrations VALUES (236, 5, 107, '2022-03-11 05:13:00');
INSERT INTO public.registrations VALUES (237, 42, 136, '2022-10-23 07:42:00');
INSERT INTO public.registrations VALUES (238, 29, 132, '2021-12-08 04:43:00');
INSERT INTO public.registrations VALUES (239, 27, 187, '2021-02-13 14:18:00');
INSERT INTO public.registrations VALUES (240, 14, 181, '2022-01-13 22:38:00');
INSERT INTO public.registrations VALUES (241, 25, 101, '2021-10-20 15:00:00');
INSERT INTO public.registrations VALUES (242, 23, 192, '2022-07-26 13:43:00');
INSERT INTO public.registrations VALUES (243, 36, 56, '2021-06-12 03:45:00');
INSERT INTO public.registrations VALUES (244, 33, 56, '2021-08-08 16:31:00');
INSERT INTO public.registrations VALUES (245, 7, 27, '2021-08-09 03:38:00');
INSERT INTO public.registrations VALUES (246, 15, 6, '2021-05-21 06:01:00');
INSERT INTO public.registrations VALUES (247, 26, 66, '2022-06-20 20:02:00');
INSERT INTO public.registrations VALUES (248, 3, 49, '2022-09-06 21:38:00');
INSERT INTO public.registrations VALUES (249, 36, 62, '2021-09-07 12:30:00');
INSERT INTO public.registrations VALUES (250, 47, 182, '2022-05-12 15:44:00');
INSERT INTO public.registrations VALUES (251, 21, 50, '2021-11-02 07:45:00');
INSERT INTO public.registrations VALUES (252, 1, 133, '2022-04-26 15:05:00');
INSERT INTO public.registrations VALUES (253, 23, 154, '2021-11-23 07:50:00');
INSERT INTO public.registrations VALUES (254, 43, 123, '2022-04-01 04:29:00');
INSERT INTO public.registrations VALUES (255, 5, 102, '2021-01-11 21:11:00');
INSERT INTO public.registrations VALUES (256, 47, 29, '2021-07-13 13:54:00');
INSERT INTO public.registrations VALUES (257, 48, 11, '2022-12-10 21:54:00');
INSERT INTO public.registrations VALUES (258, 23, 9, '2022-09-07 06:18:00');
INSERT INTO public.registrations VALUES (259, 43, 98, '2022-07-26 16:18:00');
INSERT INTO public.registrations VALUES (260, 33, 61, '2021-05-07 16:31:00');
INSERT INTO public.registrations VALUES (261, 36, 129, '2022-10-15 15:15:00');
INSERT INTO public.registrations VALUES (262, 36, 99, '2022-10-06 01:19:00');
INSERT INTO public.registrations VALUES (263, 35, 72, '2021-06-16 02:57:00');
INSERT INTO public.registrations VALUES (264, 3, 30, '2021-08-03 05:29:00');
INSERT INTO public.registrations VALUES (265, 48, 123, '2021-11-04 05:30:00');
INSERT INTO public.registrations VALUES (266, 1, 94, '2022-01-03 15:34:00');
INSERT INTO public.registrations VALUES (267, 22, 112, '2021-11-12 03:08:00');
INSERT INTO public.registrations VALUES (268, 17, 118, '2021-09-29 16:02:00');
INSERT INTO public.registrations VALUES (269, 5, 65, '2022-05-19 15:30:00');
INSERT INTO public.registrations VALUES (270, 1, 167, '2021-02-07 20:15:00');
INSERT INTO public.registrations VALUES (271, 1, 54, '2022-10-13 04:50:00');
INSERT INTO public.registrations VALUES (272, 35, 91, '2022-10-13 15:48:00');
INSERT INTO public.registrations VALUES (273, 15, 25, '2022-11-10 14:08:00');
INSERT INTO public.registrations VALUES (274, 27, 110, '2021-07-17 15:28:00');
INSERT INTO public.registrations VALUES (275, 6, 150, '2022-06-29 16:38:00');
INSERT INTO public.registrations VALUES (276, 31, 5, '2022-01-20 06:40:00');
INSERT INTO public.registrations VALUES (277, 36, 70, '2021-11-18 12:50:00');
INSERT INTO public.registrations VALUES (278, 22, 159, '2021-12-29 09:10:00');
INSERT INTO public.registrations VALUES (279, 5, 77, '2022-11-10 16:22:00');
INSERT INTO public.registrations VALUES (280, 45, 91, '2022-01-23 14:09:00');
INSERT INTO public.registrations VALUES (281, 33, 135, '2022-06-10 05:08:00');
INSERT INTO public.registrations VALUES (282, 4, 98, '2021-02-19 22:05:00');
INSERT INTO public.registrations VALUES (283, 46, 76, '2022-06-28 04:08:00');
INSERT INTO public.registrations VALUES (284, 41, 163, '2022-10-28 04:35:00');
INSERT INTO public.registrations VALUES (285, 20, 119, '2022-11-26 18:39:00');
INSERT INTO public.registrations VALUES (286, 24, 154, '2021-04-27 05:51:00');
INSERT INTO public.registrations VALUES (287, 32, 140, '2022-02-22 11:41:00');
INSERT INTO public.registrations VALUES (288, 12, 92, '2022-04-29 21:45:00');
INSERT INTO public.registrations VALUES (289, 42, 125, '2022-11-20 17:42:00');
INSERT INTO public.registrations VALUES (290, 30, 112, '2022-09-13 15:50:00');
INSERT INTO public.registrations VALUES (291, 27, 85, '2021-04-18 00:52:00');
INSERT INTO public.registrations VALUES (292, 23, 182, '2022-01-27 20:14:00');
INSERT INTO public.registrations VALUES (293, 9, 111, '2022-03-08 10:35:00');
INSERT INTO public.registrations VALUES (294, 40, 2, '2022-02-14 01:28:00');
INSERT INTO public.registrations VALUES (295, 50, 4, '2021-01-15 16:49:00');
INSERT INTO public.registrations VALUES (296, 33, 160, '2021-10-13 10:03:00');
INSERT INTO public.registrations VALUES (297, 6, 28, '2021-05-08 08:55:00');
INSERT INTO public.registrations VALUES (298, 21, 59, '2022-07-03 21:16:00');
INSERT INTO public.registrations VALUES (299, 24, 54, '2022-02-01 05:28:00');
INSERT INTO public.registrations VALUES (300, 1, 81, '2021-04-25 20:52:00');
INSERT INTO public.registrations VALUES (301, 3, 196, '2021-09-03 00:10:00');
INSERT INTO public.registrations VALUES (302, 14, 131, '2022-10-25 05:49:00');
INSERT INTO public.registrations VALUES (303, 13, 128, '2021-09-10 07:17:00');
INSERT INTO public.registrations VALUES (304, 47, 101, '2021-11-27 10:00:00');
INSERT INTO public.registrations VALUES (305, 7, 13, '2021-04-01 22:47:00');
INSERT INTO public.registrations VALUES (306, 12, 126, '2021-04-10 22:08:00');
INSERT INTO public.registrations VALUES (307, 38, 65, '2021-01-21 22:56:00');
INSERT INTO public.registrations VALUES (308, 1, 32, '2021-01-19 11:18:00');
INSERT INTO public.registrations VALUES (309, 47, 126, '2021-02-10 14:26:00');
INSERT INTO public.registrations VALUES (310, 46, 113, '2021-08-07 00:54:00');
INSERT INTO public.registrations VALUES (311, 8, 191, '2022-01-09 08:28:00');
INSERT INTO public.registrations VALUES (312, 23, 171, '2022-10-27 09:53:00');
INSERT INTO public.registrations VALUES (313, 33, 200, '2022-10-19 14:13:00');
INSERT INTO public.registrations VALUES (314, 41, 162, '2021-04-08 08:01:00');
INSERT INTO public.registrations VALUES (315, 18, 187, '2021-06-30 02:37:00');
INSERT INTO public.registrations VALUES (316, 9, 176, '2022-04-24 11:12:00');
INSERT INTO public.registrations VALUES (317, 20, 64, '2021-11-26 06:14:00');
INSERT INTO public.registrations VALUES (318, 33, 191, '2022-05-23 03:11:00');
INSERT INTO public.registrations VALUES (319, 50, 144, '2022-12-02 17:53:00');
INSERT INTO public.registrations VALUES (320, 34, 198, '2021-06-04 13:33:00');
INSERT INTO public.registrations VALUES (321, 14, 200, '2021-09-17 18:58:00');
INSERT INTO public.registrations VALUES (322, 36, 198, '2021-08-24 16:40:00');
INSERT INTO public.registrations VALUES (323, 42, 141, '2022-06-20 21:59:00');
INSERT INTO public.registrations VALUES (324, 7, 198, '2022-03-01 01:15:00');
INSERT INTO public.registrations VALUES (325, 42, 172, '2022-01-21 21:35:00');
INSERT INTO public.registrations VALUES (326, 44, 19, '2021-05-07 09:15:00');
INSERT INTO public.registrations VALUES (327, 39, 89, '2021-04-02 23:03:00');
INSERT INTO public.registrations VALUES (328, 7, 178, '2021-03-31 18:15:00');
INSERT INTO public.registrations VALUES (329, 39, 4, '2021-08-19 00:04:00');
INSERT INTO public.registrations VALUES (330, 22, 192, '2022-02-06 22:02:00');
INSERT INTO public.registrations VALUES (331, 50, 128, '2021-06-17 17:33:00');
INSERT INTO public.registrations VALUES (332, 50, 196, '2022-10-18 08:02:00');
INSERT INTO public.registrations VALUES (333, 8, 99, '2021-10-03 14:58:00');
INSERT INTO public.registrations VALUES (334, 22, 113, '2021-05-03 16:19:00');
INSERT INTO public.registrations VALUES (335, 35, 136, '2021-07-12 06:48:00');
INSERT INTO public.registrations VALUES (336, 23, 81, '2021-03-09 21:04:00');
INSERT INTO public.registrations VALUES (337, 21, 47, '2021-11-06 05:25:00');
INSERT INTO public.registrations VALUES (338, 8, 200, '2021-09-19 00:01:00');
INSERT INTO public.registrations VALUES (339, 25, 71, '2022-09-27 08:49:00');
INSERT INTO public.registrations VALUES (340, 47, 42, '2022-12-14 23:33:00');
INSERT INTO public.registrations VALUES (341, 8, 101, '2021-11-26 08:56:00');
INSERT INTO public.registrations VALUES (342, 43, 199, '2021-05-03 17:25:00');
INSERT INTO public.registrations VALUES (343, 40, 13, '2021-08-04 13:21:00');
INSERT INTO public.registrations VALUES (344, 47, 94, '2022-02-18 09:45:00');
INSERT INTO public.registrations VALUES (345, 45, 93, '2022-07-13 21:20:00');
INSERT INTO public.registrations VALUES (346, 8, 168, '2022-08-09 23:48:00');
INSERT INTO public.registrations VALUES (347, 9, 104, '2021-10-20 23:05:00');
INSERT INTO public.registrations VALUES (348, 38, 94, '2021-10-09 16:01:00');
INSERT INTO public.registrations VALUES (349, 43, 147, '2022-04-13 13:15:00');
INSERT INTO public.registrations VALUES (350, 24, 42, '2022-04-01 16:54:00');
INSERT INTO public.registrations VALUES (351, 29, 181, '2021-04-02 00:05:00');
INSERT INTO public.registrations VALUES (352, 4, 154, '2022-04-09 16:59:00');
INSERT INTO public.registrations VALUES (353, 36, 58, '2022-01-26 08:03:00');
INSERT INTO public.registrations VALUES (354, 42, 193, '2022-05-22 18:41:00');
INSERT INTO public.registrations VALUES (355, 16, 144, '2022-04-19 06:12:00');
INSERT INTO public.registrations VALUES (356, 29, 153, '2021-07-25 06:51:00');
INSERT INTO public.registrations VALUES (357, 16, 29, '2021-06-28 19:09:00');
INSERT INTO public.registrations VALUES (358, 40, 32, '2021-07-02 00:21:00');
INSERT INTO public.registrations VALUES (359, 5, 183, '2022-02-11 23:24:00');
INSERT INTO public.registrations VALUES (360, 25, 13, '2022-01-06 16:49:00');
INSERT INTO public.registrations VALUES (361, 42, 108, '2021-01-08 16:41:00');
INSERT INTO public.registrations VALUES (362, 3, 154, '2022-12-08 01:17:00');
INSERT INTO public.registrations VALUES (363, 17, 129, '2022-08-22 22:55:00');
INSERT INTO public.registrations VALUES (364, 41, 138, '2021-06-20 03:32:00');
INSERT INTO public.registrations VALUES (365, 12, 33, '2021-04-20 01:36:00');
INSERT INTO public.registrations VALUES (366, 20, 198, '2022-11-20 17:32:00');
INSERT INTO public.registrations VALUES (367, 26, 100, '2022-07-30 16:31:00');
INSERT INTO public.registrations VALUES (368, 17, 6, '2021-03-30 03:40:00');
INSERT INTO public.registrations VALUES (369, 41, 21, '2021-07-14 14:51:00');
INSERT INTO public.registrations VALUES (370, 40, 168, '2022-09-16 00:13:00');
INSERT INTO public.registrations VALUES (371, 11, 82, '2022-02-14 17:00:00');
INSERT INTO public.registrations VALUES (372, 2, 124, '2021-04-18 20:42:00');
INSERT INTO public.registrations VALUES (373, 37, 102, '2022-11-21 09:53:00');
INSERT INTO public.registrations VALUES (374, 15, 182, '2022-06-21 11:18:00');
INSERT INTO public.registrations VALUES (375, 6, 194, '2021-02-07 05:10:00');
INSERT INTO public.registrations VALUES (376, 39, 19, '2021-12-14 05:12:00');
INSERT INTO public.registrations VALUES (377, 25, 28, '2021-02-21 10:51:00');
INSERT INTO public.registrations VALUES (378, 36, 55, '2022-06-20 22:18:00');
INSERT INTO public.registrations VALUES (379, 42, 165, '2021-01-25 04:58:00');
INSERT INTO public.registrations VALUES (380, 29, 49, '2021-04-05 05:00:00');
INSERT INTO public.registrations VALUES (381, 25, 11, '2022-02-18 06:09:00');
INSERT INTO public.registrations VALUES (382, 17, 153, '2022-05-18 06:39:00');
INSERT INTO public.registrations VALUES (383, 43, 194, '2022-10-08 16:04:00');
INSERT INTO public.registrations VALUES (384, 47, 95, '2021-01-16 04:09:00');
INSERT INTO public.registrations VALUES (385, 25, 104, '2021-11-30 07:18:00');
INSERT INTO public.registrations VALUES (386, 43, 187, '2022-02-22 10:07:00');
INSERT INTO public.registrations VALUES (387, 47, 43, '2022-03-04 13:44:00');
INSERT INTO public.registrations VALUES (388, 29, 183, '2022-12-11 00:34:00');
INSERT INTO public.registrations VALUES (389, 13, 195, '2022-02-11 23:27:00');
INSERT INTO public.registrations VALUES (390, 34, 68, '2021-12-23 04:58:00');
INSERT INTO public.registrations VALUES (391, 42, 86, '2021-01-06 17:47:00');
INSERT INTO public.registrations VALUES (392, 32, 100, '2021-08-15 16:29:00');
INSERT INTO public.registrations VALUES (393, 40, 71, '2022-04-15 01:53:00');
INSERT INTO public.registrations VALUES (394, 17, 200, '2021-05-28 06:37:00');
INSERT INTO public.registrations VALUES (395, 38, 166, '2021-09-22 20:11:00');
INSERT INTO public.registrations VALUES (396, 12, 164, '2022-03-30 11:06:00');
INSERT INTO public.registrations VALUES (397, 32, 191, '2021-02-23 19:37:00');
INSERT INTO public.registrations VALUES (398, 41, 186, '2021-10-30 20:44:00');
INSERT INTO public.registrations VALUES (399, 9, 170, '2021-12-04 11:08:00');
INSERT INTO public.registrations VALUES (400, 41, 56, '2021-05-30 03:09:00');
INSERT INTO public.registrations VALUES (401, 7, 17, '2022-03-13 22:18:00');
INSERT INTO public.registrations VALUES (402, 20, 3, '2021-09-08 06:16:00');
INSERT INTO public.registrations VALUES (403, 31, 20, '2021-11-08 00:42:00');
INSERT INTO public.registrations VALUES (404, 44, 119, '2021-09-25 19:01:00');
INSERT INTO public.registrations VALUES (405, 29, 51, '2021-09-20 16:51:00');
INSERT INTO public.registrations VALUES (406, 16, 50, '2021-04-09 04:21:00');
INSERT INTO public.registrations VALUES (407, 16, 34, '2022-07-06 06:53:00');
INSERT INTO public.registrations VALUES (408, 6, 176, '2021-01-20 07:28:00');
INSERT INTO public.registrations VALUES (409, 43, 86, '2022-06-05 00:17:00');
INSERT INTO public.registrations VALUES (410, 8, 91, '2021-07-31 00:09:00');
INSERT INTO public.registrations VALUES (411, 29, 24, '2022-09-11 04:00:00');
INSERT INTO public.registrations VALUES (412, 23, 139, '2021-09-04 18:00:00');
INSERT INTO public.registrations VALUES (413, 31, 36, '2022-12-07 03:50:00');
INSERT INTO public.registrations VALUES (414, 38, 172, '2022-03-15 07:16:00');
INSERT INTO public.registrations VALUES (415, 42, 128, '2022-07-12 13:43:00');
INSERT INTO public.registrations VALUES (416, 25, 69, '2021-12-16 23:10:00');
INSERT INTO public.registrations VALUES (417, 33, 141, '2022-01-16 21:23:00');
INSERT INTO public.registrations VALUES (418, 41, 95, '2022-11-16 05:01:00');
INSERT INTO public.registrations VALUES (419, 43, 67, '2021-08-21 01:59:00');
INSERT INTO public.registrations VALUES (420, 42, 57, '2022-04-29 14:09:00');
INSERT INTO public.registrations VALUES (421, 11, 174, '2022-05-10 20:19:00');
INSERT INTO public.registrations VALUES (422, 39, 45, '2022-08-10 04:13:00');
INSERT INTO public.registrations VALUES (423, 43, 121, '2021-05-30 19:25:00');
INSERT INTO public.registrations VALUES (424, 43, 154, '2021-09-07 09:57:00');
INSERT INTO public.registrations VALUES (425, 4, 176, '2022-06-02 20:54:00');
INSERT INTO public.registrations VALUES (426, 34, 143, '2022-01-14 18:06:00');
INSERT INTO public.registrations VALUES (427, 19, 36, '2021-05-28 19:28:00');
INSERT INTO public.registrations VALUES (428, 41, 145, '2021-06-17 23:07:00');
INSERT INTO public.registrations VALUES (429, 17, 128, '2021-06-25 16:55:00');
INSERT INTO public.registrations VALUES (430, 41, 7, '2022-12-05 01:22:00');
INSERT INTO public.registrations VALUES (431, 26, 110, '2022-08-16 20:55:00');
INSERT INTO public.registrations VALUES (432, 48, 189, '2022-06-04 01:15:00');
INSERT INTO public.registrations VALUES (433, 34, 136, '2022-10-31 15:29:00');
INSERT INTO public.registrations VALUES (434, 37, 158, '2021-01-18 02:10:00');
INSERT INTO public.registrations VALUES (435, 19, 57, '2021-09-27 19:39:00');
INSERT INTO public.registrations VALUES (436, 19, 196, '2021-06-10 03:59:00');
INSERT INTO public.registrations VALUES (437, 38, 199, '2021-10-05 04:49:00');
INSERT INTO public.registrations VALUES (438, 3, 22, '2022-08-05 10:15:00');
INSERT INTO public.registrations VALUES (439, 9, 78, '2022-01-16 17:13:00');
INSERT INTO public.registrations VALUES (440, 40, 147, '2022-10-19 00:50:00');
INSERT INTO public.registrations VALUES (441, 32, 133, '2021-10-03 08:52:00');
INSERT INTO public.registrations VALUES (442, 14, 29, '2021-06-23 01:47:00');
INSERT INTO public.registrations VALUES (443, 33, 1, '2021-10-01 22:09:00');
INSERT INTO public.registrations VALUES (444, 47, 143, '2022-10-11 21:14:00');
INSERT INTO public.registrations VALUES (445, 22, 44, '2021-10-04 00:49:00');
INSERT INTO public.registrations VALUES (446, 2, 160, '2022-11-12 16:56:00');
INSERT INTO public.registrations VALUES (447, 33, 38, '2021-05-20 14:12:00');
INSERT INTO public.registrations VALUES (448, 36, 61, '2021-02-11 03:14:00');
INSERT INTO public.registrations VALUES (449, 23, 130, '2022-05-16 04:47:00');
INSERT INTO public.registrations VALUES (450, 37, 107, '2021-03-29 15:31:00');
INSERT INTO public.registrations VALUES (451, 25, 132, '2021-04-22 22:39:00');
INSERT INTO public.registrations VALUES (452, 43, 155, '2021-01-01 04:40:00');
INSERT INTO public.registrations VALUES (453, 43, 153, '2021-02-17 07:04:00');
INSERT INTO public.registrations VALUES (454, 42, 50, '2021-07-17 09:12:00');
INSERT INTO public.registrations VALUES (455, 42, 106, '2022-05-26 17:50:00');
INSERT INTO public.registrations VALUES (456, 13, 136, '2022-01-08 16:08:00');
INSERT INTO public.registrations VALUES (457, 11, 176, '2022-04-16 19:03:00');
INSERT INTO public.registrations VALUES (458, 35, 194, '2021-03-28 07:41:00');
INSERT INTO public.registrations VALUES (459, 43, 39, '2022-04-05 13:58:00');
INSERT INTO public.registrations VALUES (460, 35, 124, '2022-11-07 02:24:00');
INSERT INTO public.registrations VALUES (461, 40, 99, '2021-04-07 17:04:00');
INSERT INTO public.registrations VALUES (462, 4, 159, '2021-04-26 08:20:00');
INSERT INTO public.registrations VALUES (463, 34, 156, '2022-05-22 00:35:00');
INSERT INTO public.registrations VALUES (464, 18, 138, '2022-11-05 16:29:00');
INSERT INTO public.registrations VALUES (465, 27, 46, '2021-06-23 01:39:00');
INSERT INTO public.registrations VALUES (466, 39, 44, '2021-08-16 07:02:00');
INSERT INTO public.registrations VALUES (467, 29, 121, '2021-02-20 00:48:00');
INSERT INTO public.registrations VALUES (468, 7, 65, '2021-08-13 18:23:00');
INSERT INTO public.registrations VALUES (469, 24, 93, '2021-07-20 11:46:00');
INSERT INTO public.registrations VALUES (470, 6, 66, '2021-09-22 04:14:00');
INSERT INTO public.registrations VALUES (471, 6, 126, '2022-12-17 18:24:00');
INSERT INTO public.registrations VALUES (472, 16, 21, '2021-04-13 23:42:00');
INSERT INTO public.registrations VALUES (473, 39, 125, '2021-05-18 09:11:00');
INSERT INTO public.registrations VALUES (474, 3, 40, '2022-07-13 08:41:00');
INSERT INTO public.registrations VALUES (475, 15, 69, '2021-05-12 05:12:00');
INSERT INTO public.registrations VALUES (476, 14, 62, '2021-06-10 01:19:00');
INSERT INTO public.registrations VALUES (477, 23, 104, '2021-07-26 01:02:00');
INSERT INTO public.registrations VALUES (478, 11, 116, '2022-08-05 21:56:00');
INSERT INTO public.registrations VALUES (479, 20, 90, '2022-01-08 19:51:00');
INSERT INTO public.registrations VALUES (480, 8, 181, '2022-06-07 20:10:00');
INSERT INTO public.registrations VALUES (481, 15, 190, '2022-05-06 13:50:00');
INSERT INTO public.registrations VALUES (482, 37, 76, '2021-06-22 12:36:00');
INSERT INTO public.registrations VALUES (483, 46, 90, '2022-02-06 08:58:00');
INSERT INTO public.registrations VALUES (484, 43, 63, '2022-05-02 20:44:00');
INSERT INTO public.registrations VALUES (485, 5, 157, '2021-12-08 17:08:00');
INSERT INTO public.registrations VALUES (486, 36, 187, '2021-11-30 19:47:00');
INSERT INTO public.registrations VALUES (487, 27, 70, '2022-08-21 15:12:00');
INSERT INTO public.registrations VALUES (488, 25, 174, '2021-01-23 10:59:00');
INSERT INTO public.registrations VALUES (489, 24, 91, '2022-11-25 08:30:00');
INSERT INTO public.registrations VALUES (490, 30, 32, '2022-01-18 06:46:00');
INSERT INTO public.registrations VALUES (491, 36, 47, '2021-02-02 22:58:00');
INSERT INTO public.registrations VALUES (492, 15, 170, '2022-03-28 20:06:00');
INSERT INTO public.registrations VALUES (493, 2, 197, '2022-09-22 04:29:00');
INSERT INTO public.registrations VALUES (494, 3, 83, '2022-06-16 19:59:00');
INSERT INTO public.registrations VALUES (495, 29, 146, '2022-01-02 06:47:00');
INSERT INTO public.registrations VALUES (496, 17, 168, '2022-04-20 18:00:00');
INSERT INTO public.registrations VALUES (497, 17, 79, '2021-11-24 13:05:00');
INSERT INTO public.registrations VALUES (498, 32, 113, '2022-09-29 07:49:00');
INSERT INTO public.registrations VALUES (499, 33, 131, '2021-06-07 23:49:00');
INSERT INTO public.registrations VALUES (500, 19, 182, '2021-11-14 01:16:00');
INSERT INTO public.registrations VALUES (501, 15, 5, '2022-04-25 12:00:00');
INSERT INTO public.registrations VALUES (502, 6, 89, '2021-06-30 16:04:00');
INSERT INTO public.registrations VALUES (503, 37, 185, '2022-12-04 23:31:00');
INSERT INTO public.registrations VALUES (504, 37, 19, '2021-02-05 20:50:00');
INSERT INTO public.registrations VALUES (505, 2, 53, '2021-06-01 07:35:00');
INSERT INTO public.registrations VALUES (506, 16, 39, '2022-10-06 22:49:00');
INSERT INTO public.registrations VALUES (507, 9, 130, '2021-04-19 18:07:00');
INSERT INTO public.registrations VALUES (508, 30, 87, '2021-12-14 18:49:00');
INSERT INTO public.registrations VALUES (509, 30, 84, '2022-12-17 02:29:00');
INSERT INTO public.registrations VALUES (510, 8, 97, '2022-12-21 13:21:00');
INSERT INTO public.registrations VALUES (511, 9, 173, '2021-09-03 10:57:00');
INSERT INTO public.registrations VALUES (512, 25, 31, '2021-02-11 06:03:00');
INSERT INTO public.registrations VALUES (513, 11, 32, '2021-08-31 23:50:00');
INSERT INTO public.registrations VALUES (514, 20, 12, '2021-07-27 04:21:00');
INSERT INTO public.registrations VALUES (515, 1, 71, '2021-07-25 09:27:00');
INSERT INTO public.registrations VALUES (516, 13, 130, '2021-03-27 15:17:00');
INSERT INTO public.registrations VALUES (517, 34, 159, '2022-04-28 03:07:00');
INSERT INTO public.registrations VALUES (518, 13, 148, '2022-09-29 05:39:00');
INSERT INTO public.registrations VALUES (519, 38, 10, '2022-10-17 20:08:00');
INSERT INTO public.registrations VALUES (520, 47, 76, '2022-02-14 17:25:00');
INSERT INTO public.registrations VALUES (521, 17, 152, '2022-04-19 09:34:00');
INSERT INTO public.registrations VALUES (522, 29, 42, '2021-02-01 00:46:00');
INSERT INTO public.registrations VALUES (523, 38, 98, '2022-07-04 00:11:00');
INSERT INTO public.registrations VALUES (524, 11, 115, '2021-08-02 17:08:00');
INSERT INTO public.registrations VALUES (525, 9, 96, '2022-10-03 15:38:00');
INSERT INTO public.registrations VALUES (526, 44, 148, '2021-09-05 06:19:00');
INSERT INTO public.registrations VALUES (527, 3, 6, '2021-05-31 10:27:00');
INSERT INTO public.registrations VALUES (528, 22, 94, '2022-01-31 17:47:00');
INSERT INTO public.registrations VALUES (529, 36, 18, '2022-12-12 12:50:00');
INSERT INTO public.registrations VALUES (530, 13, 200, '2022-07-18 19:25:00');
INSERT INTO public.registrations VALUES (531, 3, 174, '2021-01-27 11:37:00');
INSERT INTO public.registrations VALUES (532, 21, 103, '2022-05-03 19:19:00');
INSERT INTO public.registrations VALUES (533, 20, 63, '2022-09-27 10:03:00');
INSERT INTO public.registrations VALUES (534, 15, 12, '2022-08-12 01:43:00');
INSERT INTO public.registrations VALUES (535, 5, 83, '2021-01-02 07:13:00');
INSERT INTO public.registrations VALUES (536, 11, 45, '2022-01-08 03:30:00');
INSERT INTO public.registrations VALUES (537, 18, 40, '2022-05-28 06:49:00');
INSERT INTO public.registrations VALUES (538, 27, 141, '2022-12-15 16:28:00');
INSERT INTO public.registrations VALUES (539, 29, 124, '2021-07-28 03:03:00');
INSERT INTO public.registrations VALUES (540, 15, 148, '2021-04-03 04:11:00');
INSERT INTO public.registrations VALUES (541, 47, 5, '2022-05-15 01:42:00');
INSERT INTO public.registrations VALUES (542, 45, 84, '2022-12-15 16:37:00');
INSERT INTO public.registrations VALUES (543, 39, 186, '2021-12-03 04:15:00');
INSERT INTO public.registrations VALUES (544, 50, 104, '2021-12-17 15:13:00');
INSERT INTO public.registrations VALUES (545, 18, 8, '2022-09-07 09:38:00');
INSERT INTO public.registrations VALUES (546, 30, 40, '2022-08-30 01:08:00');
INSERT INTO public.registrations VALUES (547, 13, 151, '2022-04-14 01:33:00');
INSERT INTO public.registrations VALUES (548, 33, 93, '2022-08-08 13:28:00');
INSERT INTO public.registrations VALUES (549, 31, 170, '2021-07-03 11:11:00');
INSERT INTO public.registrations VALUES (550, 23, 80, '2022-05-05 15:14:00');
INSERT INTO public.registrations VALUES (551, 37, 193, '2021-10-30 12:44:00');
INSERT INTO public.registrations VALUES (552, 30, 38, '2022-03-28 01:42:00');
INSERT INTO public.registrations VALUES (553, 2, 94, '2022-11-14 02:17:00');
INSERT INTO public.registrations VALUES (554, 46, 151, '2022-11-10 00:18:00');
INSERT INTO public.registrations VALUES (555, 23, 74, '2021-10-10 20:35:00');
INSERT INTO public.registrations VALUES (556, 36, 125, '2022-02-23 06:52:00');
INSERT INTO public.registrations VALUES (557, 41, 70, '2021-05-02 18:43:00');
INSERT INTO public.registrations VALUES (558, 7, 52, '2022-03-08 14:06:00');
INSERT INTO public.registrations VALUES (559, 39, 162, '2021-12-12 22:55:00');
INSERT INTO public.registrations VALUES (560, 30, 133, '2021-10-25 15:40:00');
INSERT INTO public.registrations VALUES (561, 23, 165, '2022-05-04 22:25:00');
INSERT INTO public.registrations VALUES (562, 6, 171, '2021-07-10 07:18:00');
INSERT INTO public.registrations VALUES (563, 38, 66, '2022-12-03 03:52:00');
INSERT INTO public.registrations VALUES (564, 33, 156, '2022-12-23 05:15:00');
INSERT INTO public.registrations VALUES (565, 25, 167, '2021-10-09 02:07:00');
INSERT INTO public.registrations VALUES (566, 16, 94, '2021-02-25 01:05:00');
INSERT INTO public.registrations VALUES (567, 32, 134, '2022-08-17 21:06:00');
INSERT INTO public.registrations VALUES (568, 47, 160, '2022-08-23 04:41:00');
INSERT INTO public.registrations VALUES (569, 38, 45, '2022-01-06 00:41:00');
INSERT INTO public.registrations VALUES (570, 16, 151, '2022-08-10 09:56:00');
INSERT INTO public.registrations VALUES (571, 11, 184, '2022-09-16 13:49:00');
INSERT INTO public.registrations VALUES (572, 4, 99, '2022-04-13 19:58:00');
INSERT INTO public.registrations VALUES (573, 29, 38, '2022-03-21 05:12:00');
INSERT INTO public.registrations VALUES (574, 45, 112, '2022-08-30 03:08:00');
INSERT INTO public.registrations VALUES (575, 43, 93, '2021-06-19 12:34:00');
INSERT INTO public.registrations VALUES (576, 13, 14, '2021-01-28 00:50:00');
INSERT INTO public.registrations VALUES (577, 18, 194, '2021-05-08 21:52:00');
INSERT INTO public.registrations VALUES (578, 3, 104, '2022-09-08 01:29:00');
INSERT INTO public.registrations VALUES (579, 50, 129, '2022-12-01 04:04:00');
INSERT INTO public.registrations VALUES (580, 36, 52, '2021-11-30 09:53:00');
INSERT INTO public.registrations VALUES (581, 13, 172, '2021-04-15 01:36:00');
INSERT INTO public.registrations VALUES (582, 39, 21, '2021-07-12 05:36:00');
INSERT INTO public.registrations VALUES (583, 43, 7, '2022-12-15 21:50:00');
INSERT INTO public.registrations VALUES (584, 9, 10, '2021-02-12 20:09:00');
INSERT INTO public.registrations VALUES (585, 17, 114, '2021-12-26 22:59:00');
INSERT INTO public.registrations VALUES (586, 11, 78, '2022-03-31 12:36:00');
INSERT INTO public.registrations VALUES (587, 26, 144, '2022-02-13 16:14:00');
INSERT INTO public.registrations VALUES (588, 12, 73, '2022-11-06 20:36:00');
INSERT INTO public.registrations VALUES (589, 21, 191, '2021-05-18 16:11:00');
INSERT INTO public.registrations VALUES (590, 9, 127, '2022-09-13 17:54:00');
INSERT INTO public.registrations VALUES (591, 40, 67, '2022-09-21 13:36:00');
INSERT INTO public.registrations VALUES (592, 46, 42, '2021-10-24 11:48:00');
INSERT INTO public.registrations VALUES (593, 21, 8, '2022-12-04 06:11:00');
INSERT INTO public.registrations VALUES (594, 35, 51, '2021-11-22 18:15:00');
INSERT INTO public.registrations VALUES (595, 34, 31, '2021-12-12 04:29:00');
INSERT INTO public.registrations VALUES (596, 14, 47, '2022-12-12 21:38:00');
INSERT INTO public.registrations VALUES (597, 14, 170, '2021-09-07 20:56:00');
INSERT INTO public.registrations VALUES (598, 46, 176, '2022-06-07 10:03:00');
INSERT INTO public.registrations VALUES (599, 37, 53, '2022-08-16 13:39:00');
INSERT INTO public.registrations VALUES (600, 25, 149, '2022-10-13 23:24:00');
INSERT INTO public.registrations VALUES (601, 9, 100, '2022-07-12 08:51:00');
INSERT INTO public.registrations VALUES (602, 1, 151, '2021-02-14 11:34:00');
INSERT INTO public.registrations VALUES (603, 12, 41, '2021-04-24 02:52:00');
INSERT INTO public.registrations VALUES (604, 14, 178, '2022-12-22 03:42:00');
INSERT INTO public.registrations VALUES (605, 1, 193, '2022-01-29 05:10:00');
INSERT INTO public.registrations VALUES (606, 39, 3, '2022-06-20 20:55:00');
INSERT INTO public.registrations VALUES (607, 44, 57, '2022-12-22 02:52:00');
INSERT INTO public.registrations VALUES (608, 5, 45, '2022-08-11 14:54:00');
INSERT INTO public.registrations VALUES (609, 42, 34, '2022-11-22 21:36:00');
INSERT INTO public.registrations VALUES (610, 24, 33, '2022-07-07 22:16:00');
INSERT INTO public.registrations VALUES (611, 50, 103, '2022-12-14 11:01:00');
INSERT INTO public.registrations VALUES (612, 18, 66, '2021-01-17 05:00:00');
INSERT INTO public.registrations VALUES (613, 23, 160, '2021-04-14 06:50:00');
INSERT INTO public.registrations VALUES (614, 21, 83, '2021-11-23 16:53:00');
INSERT INTO public.registrations VALUES (615, 36, 157, '2022-11-11 19:00:00');
INSERT INTO public.registrations VALUES (616, 31, 138, '2021-04-14 03:18:00');
INSERT INTO public.registrations VALUES (617, 23, 48, '2021-07-25 11:55:00');
INSERT INTO public.registrations VALUES (618, 39, 43, '2021-11-19 18:32:00');
INSERT INTO public.registrations VALUES (619, 32, 176, '2022-06-21 01:39:00');
INSERT INTO public.registrations VALUES (620, 27, 164, '2021-04-18 13:26:00');
INSERT INTO public.registrations VALUES (621, 15, 160, '2022-11-04 02:26:00');
INSERT INTO public.registrations VALUES (622, 12, 139, '2021-07-16 13:44:00');
INSERT INTO public.registrations VALUES (623, 13, 82, '2021-06-07 20:04:00');
INSERT INTO public.registrations VALUES (624, 29, 20, '2022-12-09 13:34:00');
INSERT INTO public.registrations VALUES (625, 45, 8, '2021-12-01 05:51:00');
INSERT INTO public.registrations VALUES (626, 25, 123, '2022-01-30 14:46:00');
INSERT INTO public.registrations VALUES (627, 48, 9, '2022-04-25 19:26:00');
INSERT INTO public.registrations VALUES (628, 37, 10, '2022-07-05 11:24:00');
INSERT INTO public.registrations VALUES (629, 29, 48, '2022-11-07 09:24:00');
INSERT INTO public.registrations VALUES (630, 45, 172, '2022-04-03 00:23:00');
INSERT INTO public.registrations VALUES (631, 13, 109, '2022-01-05 12:59:00');
INSERT INTO public.registrations VALUES (632, 39, 187, '2022-05-31 22:21:00');
INSERT INTO public.registrations VALUES (633, 46, 25, '2022-03-11 15:27:00');
INSERT INTO public.registrations VALUES (634, 42, 156, '2022-08-29 03:52:00');
INSERT INTO public.registrations VALUES (635, 37, 88, '2022-10-03 09:05:00');
INSERT INTO public.registrations VALUES (636, 35, 59, '2021-03-26 19:03:00');
INSERT INTO public.registrations VALUES (637, 31, 174, '2022-06-15 06:14:00');
INSERT INTO public.registrations VALUES (638, 36, 149, '2021-03-12 16:00:00');
INSERT INTO public.registrations VALUES (639, 18, 49, '2021-10-20 19:01:00');
INSERT INTO public.registrations VALUES (640, 4, 20, '2021-02-14 15:05:00');
INSERT INTO public.registrations VALUES (641, 7, 138, '2022-01-05 04:21:00');
INSERT INTO public.registrations VALUES (642, 50, 53, '2022-07-18 16:11:00');
INSERT INTO public.registrations VALUES (643, 50, 176, '2022-02-07 12:55:00');
INSERT INTO public.registrations VALUES (644, 9, 70, '2022-12-07 06:58:00');
INSERT INTO public.registrations VALUES (645, 42, 131, '2022-12-03 05:56:00');
INSERT INTO public.registrations VALUES (646, 19, 146, '2022-09-10 01:18:00');
INSERT INTO public.registrations VALUES (647, 50, 143, '2021-07-08 14:53:00');
INSERT INTO public.registrations VALUES (648, 24, 87, '2022-02-20 14:10:00');
INSERT INTO public.registrations VALUES (649, 42, 40, '2021-11-27 11:57:00');
INSERT INTO public.registrations VALUES (650, 29, 135, '2021-03-28 15:02:00');
INSERT INTO public.registrations VALUES (651, 25, 16, '2022-08-03 13:48:00');
INSERT INTO public.registrations VALUES (652, 7, 60, '2021-08-02 09:28:00');
INSERT INTO public.registrations VALUES (653, 20, 175, '2021-12-30 18:03:00');
INSERT INTO public.registrations VALUES (654, 3, 85, '2022-06-15 10:30:00');
INSERT INTO public.registrations VALUES (655, 43, 149, '2022-12-05 16:30:00');
INSERT INTO public.registrations VALUES (656, 23, 138, '2022-01-22 08:45:00');
INSERT INTO public.registrations VALUES (657, 37, 42, '2021-03-27 02:06:00');
INSERT INTO public.registrations VALUES (658, 2, 6, '2022-02-14 18:34:00');
INSERT INTO public.registrations VALUES (659, 4, 113, '2022-11-20 21:17:00');
INSERT INTO public.registrations VALUES (660, 20, 76, '2021-07-14 18:30:00');
INSERT INTO public.registrations VALUES (661, 41, 61, '2022-09-22 01:26:00');
INSERT INTO public.registrations VALUES (662, 48, 60, '2022-11-13 13:44:00');
INSERT INTO public.registrations VALUES (663, 41, 43, '2022-06-25 21:45:00');
INSERT INTO public.registrations VALUES (664, 37, 94, '2022-02-04 13:22:00');
INSERT INTO public.registrations VALUES (665, 29, 17, '2021-01-17 12:13:00');
INSERT INTO public.registrations VALUES (666, 9, 71, '2021-12-14 17:03:00');
INSERT INTO public.registrations VALUES (667, 8, 128, '2022-02-07 07:55:00');
INSERT INTO public.registrations VALUES (668, 1, 126, '2021-07-12 12:09:00');
INSERT INTO public.registrations VALUES (669, 8, 187, '2021-11-01 22:49:00');
INSERT INTO public.registrations VALUES (670, 14, 130, '2022-02-28 15:04:00');
INSERT INTO public.registrations VALUES (671, 27, 114, '2022-06-02 17:37:00');
INSERT INTO public.registrations VALUES (672, 35, 81, '2022-08-13 04:52:00');
INSERT INTO public.registrations VALUES (673, 35, 63, '2022-06-09 13:19:00');
INSERT INTO public.registrations VALUES (674, 19, 189, '2021-06-08 16:52:00');
INSERT INTO public.registrations VALUES (675, 32, 157, '2021-03-01 05:34:00');
INSERT INTO public.registrations VALUES (676, 25, 90, '2022-07-22 20:48:00');
INSERT INTO public.registrations VALUES (677, 46, 32, '2021-06-03 08:07:00');
INSERT INTO public.registrations VALUES (678, 1, 90, '2022-10-02 20:42:00');
INSERT INTO public.registrations VALUES (679, 12, 168, '2022-07-26 15:12:00');
INSERT INTO public.registrations VALUES (680, 16, 93, '2022-05-12 09:32:00');
INSERT INTO public.registrations VALUES (681, 16, 104, '2022-12-06 02:28:00');
INSERT INTO public.registrations VALUES (682, 25, 59, '2021-03-22 13:31:00');
INSERT INTO public.registrations VALUES (683, 4, 179, '2021-01-21 14:38:00');
INSERT INTO public.registrations VALUES (684, 34, 173, '2022-09-20 14:19:00');
INSERT INTO public.registrations VALUES (685, 20, 180, '2022-04-18 03:34:00');
INSERT INTO public.registrations VALUES (686, 45, 128, '2022-12-07 01:48:00');
INSERT INTO public.registrations VALUES (687, 31, 169, '2022-02-21 12:59:00');
INSERT INTO public.registrations VALUES (688, 22, 84, '2022-10-07 12:17:00');
INSERT INTO public.registrations VALUES (689, 5, 51, '2021-11-20 17:48:00');
INSERT INTO public.registrations VALUES (690, 12, 47, '2021-10-09 21:54:00');
INSERT INTO public.registrations VALUES (691, 42, 164, '2021-04-19 12:59:00');
INSERT INTO public.registrations VALUES (692, 8, 105, '2021-01-16 04:15:00');
INSERT INTO public.registrations VALUES (693, 39, 118, '2021-11-03 18:39:00');
INSERT INTO public.registrations VALUES (694, 22, 18, '2021-02-25 23:33:00');
INSERT INTO public.registrations VALUES (695, 24, 65, '2021-01-17 18:29:00');
INSERT INTO public.registrations VALUES (696, 38, 140, '2021-07-29 05:01:00');
INSERT INTO public.registrations VALUES (697, 40, 34, '2021-09-07 13:43:00');
INSERT INTO public.registrations VALUES (698, 22, 71, '2021-08-23 09:14:00');
INSERT INTO public.registrations VALUES (699, 8, 111, '2021-02-10 20:16:00');
INSERT INTO public.registrations VALUES (700, 12, 39, '2021-06-01 16:55:00');
INSERT INTO public.registrations VALUES (701, 7, 119, '2021-12-22 01:40:00');
INSERT INTO public.registrations VALUES (702, 7, 72, '2021-07-21 04:45:00');
INSERT INTO public.registrations VALUES (703, 15, 18, '2022-05-02 01:00:00');
INSERT INTO public.registrations VALUES (704, 15, 110, '2022-10-06 09:31:00');
INSERT INTO public.registrations VALUES (705, 9, 143, '2021-10-11 15:19:00');
INSERT INTO public.registrations VALUES (706, 23, 120, '2021-05-04 17:39:00');
INSERT INTO public.registrations VALUES (707, 48, 34, '2021-07-18 10:56:00');
INSERT INTO public.registrations VALUES (708, 26, 94, '2022-12-19 03:14:00');
INSERT INTO public.registrations VALUES (709, 39, 182, '2021-11-06 10:48:00');
INSERT INTO public.registrations VALUES (710, 16, 16, '2022-03-16 00:24:00');
INSERT INTO public.registrations VALUES (711, 33, 129, '2022-01-07 03:39:00');
INSERT INTO public.registrations VALUES (712, 41, 116, '2021-06-07 02:21:00');
INSERT INTO public.registrations VALUES (713, 23, 103, '2022-01-03 16:31:00');
INSERT INTO public.registrations VALUES (714, 35, 84, '2021-07-22 21:01:00');
INSERT INTO public.registrations VALUES (715, 25, 18, '2021-08-27 05:48:00');
INSERT INTO public.registrations VALUES (716, 37, 61, '2022-08-08 18:12:00');
INSERT INTO public.registrations VALUES (717, 43, 90, '2022-03-14 20:00:00');
INSERT INTO public.registrations VALUES (718, 12, 72, '2022-05-22 08:13:00');
INSERT INTO public.registrations VALUES (719, 15, 16, '2022-08-16 15:21:00');
INSERT INTO public.registrations VALUES (720, 17, 127, '2022-07-26 23:09:00');
INSERT INTO public.registrations VALUES (721, 46, 117, '2022-01-29 07:51:00');
INSERT INTO public.registrations VALUES (722, 1, 139, '2021-10-28 22:23:00');
INSERT INTO public.registrations VALUES (723, 29, 56, '2021-08-11 07:36:00');
INSERT INTO public.registrations VALUES (724, 19, 157, '2022-12-26 15:30:00');
INSERT INTO public.registrations VALUES (725, 13, 71, '2022-12-13 02:22:00');
INSERT INTO public.registrations VALUES (726, 22, 79, '2022-10-24 12:57:00');
INSERT INTO public.registrations VALUES (727, 21, 118, '2021-07-31 00:44:00');
INSERT INTO public.registrations VALUES (728, 27, 84, '2022-04-30 08:50:00');
INSERT INTO public.registrations VALUES (729, 50, 124, '2021-12-01 02:00:00');
INSERT INTO public.registrations VALUES (730, 41, 68, '2022-05-23 13:23:00');
INSERT INTO public.registrations VALUES (731, 17, 119, '2022-07-18 12:41:00');
INSERT INTO public.registrations VALUES (732, 21, 114, '2021-07-23 05:17:00');
INSERT INTO public.registrations VALUES (733, 36, 36, '2021-01-18 16:53:00');
INSERT INTO public.registrations VALUES (734, 36, 115, '2021-10-31 10:28:00');
INSERT INTO public.registrations VALUES (735, 47, 154, '2021-08-08 19:05:00');
INSERT INTO public.registrations VALUES (736, 16, 65, '2021-07-20 09:41:00');
INSERT INTO public.registrations VALUES (737, 45, 39, '2022-12-05 15:44:00');
INSERT INTO public.registrations VALUES (738, 24, 116, '2022-12-05 06:01:00');
INSERT INTO public.registrations VALUES (739, 7, 34, '2021-02-26 06:50:00');
INSERT INTO public.registrations VALUES (740, 9, 164, '2021-05-16 15:25:00');
INSERT INTO public.registrations VALUES (741, 38, 160, '2021-11-26 01:33:00');
INSERT INTO public.registrations VALUES (742, 39, 97, '2022-11-02 21:06:00');
INSERT INTO public.registrations VALUES (743, 45, 122, '2022-09-14 07:34:00');
INSERT INTO public.registrations VALUES (744, 25, 182, '2021-08-23 23:42:00');
INSERT INTO public.registrations VALUES (745, 34, 13, '2021-09-14 04:21:00');
INSERT INTO public.registrations VALUES (746, 31, 124, '2021-10-12 22:19:00');
INSERT INTO public.registrations VALUES (747, 32, 119, '2022-01-21 06:51:00');
INSERT INTO public.registrations VALUES (748, 3, 127, '2022-06-29 01:24:00');
INSERT INTO public.registrations VALUES (749, 27, 143, '2022-02-13 19:19:00');
INSERT INTO public.registrations VALUES (750, 34, 92, '2021-01-14 18:28:00');
INSERT INTO public.registrations VALUES (751, 34, 158, '2022-01-02 04:13:00');
INSERT INTO public.registrations VALUES (752, 21, 115, '2022-03-17 23:17:00');
INSERT INTO public.registrations VALUES (753, 36, 82, '2021-10-07 09:31:00');
INSERT INTO public.registrations VALUES (754, 26, 14, '2022-11-01 12:56:00');
INSERT INTO public.registrations VALUES (755, 31, 122, '2021-03-16 06:16:00');
INSERT INTO public.registrations VALUES (756, 27, 44, '2021-01-09 00:38:00');
INSERT INTO public.registrations VALUES (757, 17, 45, '2021-02-18 18:38:00');
INSERT INTO public.registrations VALUES (758, 45, 16, '2021-01-08 06:54:00');
INSERT INTO public.registrations VALUES (759, 12, 99, '2021-10-03 09:24:00');
INSERT INTO public.registrations VALUES (760, 37, 130, '2022-02-22 18:28:00');
INSERT INTO public.registrations VALUES (761, 48, 196, '2022-04-09 23:48:00');
INSERT INTO public.registrations VALUES (762, 30, 105, '2022-02-18 19:09:00');
INSERT INTO public.registrations VALUES (763, 29, 18, '2021-11-04 00:16:00');
INSERT INTO public.registrations VALUES (764, 44, 125, '2021-10-02 06:48:00');
INSERT INTO public.registrations VALUES (765, 9, 24, '2021-12-31 18:38:00');
INSERT INTO public.registrations VALUES (766, 42, 78, '2021-04-06 22:07:00');
INSERT INTO public.registrations VALUES (767, 6, 128, '2022-08-11 09:29:00');
INSERT INTO public.registrations VALUES (768, 20, 91, '2022-01-21 14:53:00');
INSERT INTO public.registrations VALUES (769, 22, 122, '2022-06-16 05:59:00');
INSERT INTO public.registrations VALUES (770, 33, 89, '2022-02-01 16:10:00');
INSERT INTO public.registrations VALUES (771, 9, 110, '2021-06-23 08:59:00');
INSERT INTO public.registrations VALUES (772, 44, 73, '2022-05-14 20:16:00');
INSERT INTO public.registrations VALUES (773, 14, 59, '2022-03-04 03:34:00');
INSERT INTO public.registrations VALUES (774, 18, 74, '2022-04-17 00:00:00');
INSERT INTO public.registrations VALUES (775, 5, 98, '2022-04-02 09:22:00');
INSERT INTO public.registrations VALUES (776, 6, 71, '2021-06-05 23:24:00');
INSERT INTO public.registrations VALUES (777, 16, 41, '2022-07-30 02:53:00');
INSERT INTO public.registrations VALUES (778, 9, 125, '2022-09-29 20:21:00');
INSERT INTO public.registrations VALUES (779, 24, 14, '2022-08-05 03:04:00');
INSERT INTO public.registrations VALUES (780, 37, 170, '2022-02-16 21:05:00');
INSERT INTO public.registrations VALUES (781, 29, 77, '2022-02-26 08:35:00');
INSERT INTO public.registrations VALUES (782, 27, 105, '2022-03-19 06:47:00');
INSERT INTO public.registrations VALUES (783, 2, 44, '2022-03-04 02:28:00');
INSERT INTO public.registrations VALUES (784, 38, 189, '2022-07-24 22:22:00');
INSERT INTO public.registrations VALUES (785, 23, 100, '2021-09-01 01:59:00');
INSERT INTO public.registrations VALUES (786, 21, 46, '2022-08-09 17:07:00');
INSERT INTO public.registrations VALUES (787, 18, 86, '2021-08-22 13:34:00');
INSERT INTO public.registrations VALUES (788, 22, 195, '2021-10-25 07:17:00');
INSERT INTO public.registrations VALUES (789, 16, 155, '2021-10-29 22:43:00');
INSERT INTO public.registrations VALUES (790, 24, 128, '2022-04-29 16:16:00');
INSERT INTO public.registrations VALUES (791, 23, 33, '2021-08-13 13:34:00');
INSERT INTO public.registrations VALUES (792, 8, 20, '2022-04-21 15:24:00');
INSERT INTO public.registrations VALUES (793, 29, 111, '2022-05-20 00:39:00');
INSERT INTO public.registrations VALUES (794, 8, 94, '2021-05-19 15:18:00');
INSERT INTO public.registrations VALUES (795, 29, 193, '2022-03-09 05:07:00');
INSERT INTO public.registrations VALUES (796, 15, 147, '2022-01-15 19:28:00');
INSERT INTO public.registrations VALUES (797, 15, 54, '2022-08-26 15:58:00');
INSERT INTO public.registrations VALUES (798, 2, 40, '2022-11-30 22:30:00');
INSERT INTO public.registrations VALUES (799, 16, 164, '2022-10-18 08:40:00');
INSERT INTO public.registrations VALUES (800, 16, 98, '2021-05-24 20:57:00');
INSERT INTO public.registrations VALUES (801, 25, 29, '2021-01-31 21:10:00');
INSERT INTO public.registrations VALUES (802, 7, 33, '2022-08-27 09:43:00');
INSERT INTO public.registrations VALUES (803, 41, 123, '2021-12-11 12:59:00');
INSERT INTO public.registrations VALUES (804, 1, 119, '2022-04-03 09:46:00');
INSERT INTO public.registrations VALUES (805, 37, 124, '2022-12-13 04:09:00');
INSERT INTO public.registrations VALUES (806, 1, 195, '2021-11-27 04:45:00');
INSERT INTO public.registrations VALUES (807, 38, 11, '2022-12-12 20:55:00');
INSERT INTO public.registrations VALUES (808, 23, 3, '2022-06-15 10:54:00');
INSERT INTO public.registrations VALUES (809, 21, 155, '2021-12-23 15:15:00');
INSERT INTO public.registrations VALUES (810, 45, 131, '2022-08-20 01:29:00');
INSERT INTO public.registrations VALUES (811, 29, 199, '2021-03-01 05:29:00');
INSERT INTO public.registrations VALUES (812, 7, 155, '2022-04-27 09:44:00');
INSERT INTO public.registrations VALUES (813, 14, 91, '2022-11-12 19:09:00');
INSERT INTO public.registrations VALUES (814, 30, 10, '2021-05-12 00:27:00');
INSERT INTO public.registrations VALUES (815, 12, 157, '2021-02-05 16:05:00');
INSERT INTO public.registrations VALUES (816, 31, 98, '2022-12-08 09:37:00');
INSERT INTO public.registrations VALUES (817, 45, 42, '2021-03-06 22:09:00');
INSERT INTO public.registrations VALUES (818, 17, 94, '2021-07-03 10:43:00');
INSERT INTO public.registrations VALUES (819, 25, 122, '2022-05-01 03:19:00');
INSERT INTO public.registrations VALUES (820, 2, 75, '2021-04-23 04:11:00');
INSERT INTO public.registrations VALUES (821, 19, 6, '2021-02-08 20:09:00');
INSERT INTO public.registrations VALUES (822, 36, 97, '2022-07-14 11:43:00');
INSERT INTO public.registrations VALUES (823, 19, 72, '2022-08-14 01:15:00');
INSERT INTO public.registrations VALUES (824, 30, 97, '2021-01-25 09:12:00');
INSERT INTO public.registrations VALUES (825, 4, 120, '2022-07-16 23:56:00');
INSERT INTO public.registrations VALUES (826, 5, 172, '2021-04-14 21:01:00');
INSERT INTO public.registrations VALUES (827, 43, 167, '2022-05-23 13:00:00');
INSERT INTO public.registrations VALUES (828, 13, 153, '2021-11-02 22:45:00');
INSERT INTO public.registrations VALUES (829, 4, 147, '2022-06-29 21:54:00');
INSERT INTO public.registrations VALUES (830, 18, 100, '2022-12-19 21:51:00');
INSERT INTO public.registrations VALUES (831, 17, 78, '2021-01-07 14:46:00');
INSERT INTO public.registrations VALUES (832, 30, 16, '2022-05-26 23:53:00');
INSERT INTO public.registrations VALUES (833, 2, 126, '2022-07-22 03:02:00');
INSERT INTO public.registrations VALUES (834, 8, 34, '2021-01-16 00:30:00');
INSERT INTO public.registrations VALUES (835, 45, 45, '2022-04-19 07:00:00');
INSERT INTO public.registrations VALUES (836, 24, 67, '2021-01-26 19:38:00');
INSERT INTO public.registrations VALUES (837, 19, 77, '2022-07-30 00:31:00');
INSERT INTO public.registrations VALUES (838, 25, 7, '2021-01-23 17:20:00');
INSERT INTO public.registrations VALUES (839, 18, 91, '2021-01-09 19:19:00');
INSERT INTO public.registrations VALUES (840, 33, 182, '2022-10-08 16:17:00');
INSERT INTO public.registrations VALUES (841, 15, 167, '2021-03-28 16:04:00');
INSERT INTO public.registrations VALUES (842, 23, 124, '2021-12-05 16:55:00');
INSERT INTO public.registrations VALUES (843, 30, 60, '2022-04-04 04:51:00');
INSERT INTO public.registrations VALUES (844, 14, 81, '2022-06-14 17:25:00');
INSERT INTO public.registrations VALUES (845, 35, 43, '2021-08-23 18:02:00');
INSERT INTO public.registrations VALUES (846, 37, 87, '2022-05-18 15:33:00');
INSERT INTO public.registrations VALUES (847, 13, 93, '2022-10-24 08:17:00');
INSERT INTO public.registrations VALUES (848, 6, 161, '2022-05-08 05:50:00');
INSERT INTO public.registrations VALUES (849, 30, 122, '2022-09-03 17:34:00');
INSERT INTO public.registrations VALUES (850, 45, 165, '2022-10-26 17:46:00');
INSERT INTO public.registrations VALUES (851, 50, 123, '2021-12-19 13:58:00');
INSERT INTO public.registrations VALUES (852, 24, 8, '2022-06-11 06:33:00');
INSERT INTO public.registrations VALUES (853, 7, 67, '2021-06-28 00:08:00');
INSERT INTO public.registrations VALUES (854, 25, 57, '2022-02-13 21:30:00');
INSERT INTO public.registrations VALUES (855, 41, 60, '2021-12-08 08:52:00');
INSERT INTO public.registrations VALUES (856, 24, 141, '2021-03-08 12:51:00');
INSERT INTO public.registrations VALUES (857, 15, 113, '2021-06-03 11:19:00');
INSERT INTO public.registrations VALUES (858, 6, 132, '2021-01-14 10:35:00');
INSERT INTO public.registrations VALUES (859, 46, 170, '2022-06-06 05:16:00');
INSERT INTO public.registrations VALUES (860, 46, 126, '2021-01-22 22:39:00');
INSERT INTO public.registrations VALUES (861, 34, 163, '2022-01-31 12:54:00');
INSERT INTO public.registrations VALUES (862, 26, 180, '2022-08-08 12:30:00');
INSERT INTO public.registrations VALUES (863, 45, 5, '2022-01-08 12:47:00');
INSERT INTO public.registrations VALUES (864, 27, 118, '2021-01-14 06:16:00');
INSERT INTO public.registrations VALUES (865, 4, 163, '2022-10-13 20:00:00');
INSERT INTO public.registrations VALUES (866, 37, 21, '2022-10-24 16:53:00');
INSERT INTO public.registrations VALUES (867, 21, 65, '2021-02-11 11:01:00');
INSERT INTO public.registrations VALUES (868, 42, 167, '2022-03-31 13:53:00');
INSERT INTO public.registrations VALUES (869, 3, 163, '2021-07-04 19:42:00');
INSERT INTO public.registrations VALUES (870, 20, 150, '2021-06-10 10:26:00');
INSERT INTO public.registrations VALUES (871, 37, 82, '2021-02-05 19:19:00');
INSERT INTO public.registrations VALUES (872, 13, 127, '2021-08-31 19:34:00');
INSERT INTO public.registrations VALUES (873, 19, 76, '2022-09-28 09:48:00');
INSERT INTO public.registrations VALUES (874, 12, 13, '2022-12-02 08:01:00');
INSERT INTO public.registrations VALUES (875, 50, 126, '2022-03-17 15:03:00');
INSERT INTO public.registrations VALUES (876, 45, 138, '2021-10-01 18:52:00');
INSERT INTO public.registrations VALUES (877, 50, 35, '2022-09-02 23:55:00');
INSERT INTO public.registrations VALUES (878, 7, 146, '2021-07-26 21:36:00');
INSERT INTO public.registrations VALUES (879, 11, 14, '2021-07-06 01:57:00');
INSERT INTO public.registrations VALUES (880, 22, 116, '2022-11-08 22:39:00');
INSERT INTO public.registrations VALUES (881, 36, 57, '2022-02-26 14:57:00');
INSERT INTO public.registrations VALUES (882, 42, 29, '2022-12-11 05:38:00');
INSERT INTO public.registrations VALUES (883, 1, 22, '2021-11-27 17:15:00');
INSERT INTO public.registrations VALUES (884, 22, 19, '2021-04-28 14:59:00');
INSERT INTO public.registrations VALUES (885, 48, 10, '2021-02-06 22:06:00');
INSERT INTO public.registrations VALUES (886, 5, 175, '2021-10-29 23:34:00');
INSERT INTO public.registrations VALUES (887, 36, 17, '2021-09-26 21:20:00');
INSERT INTO public.registrations VALUES (888, 36, 178, '2021-07-03 10:45:00');
INSERT INTO public.registrations VALUES (889, 36, 96, '2021-10-20 10:47:00');
INSERT INTO public.registrations VALUES (890, 42, 148, '2022-08-26 11:25:00');
INSERT INTO public.registrations VALUES (891, 41, 27, '2022-10-16 05:49:00');
INSERT INTO public.registrations VALUES (892, 31, 42, '2021-03-30 08:37:00');
INSERT INTO public.registrations VALUES (893, 45, 192, '2021-02-19 04:39:00');
INSERT INTO public.registrations VALUES (894, 38, 69, '2022-11-13 15:59:00');
INSERT INTO public.registrations VALUES (895, 13, 56, '2022-11-12 01:03:00');
INSERT INTO public.registrations VALUES (896, 7, 196, '2022-02-09 11:22:00');
INSERT INTO public.registrations VALUES (897, 17, 64, '2021-12-27 14:26:00');
INSERT INTO public.registrations VALUES (898, 33, 78, '2022-03-18 23:02:00');
INSERT INTO public.registrations VALUES (899, 42, 186, '2022-06-15 05:10:00');
INSERT INTO public.registrations VALUES (900, 33, 12, '2022-06-26 22:25:00');
INSERT INTO public.registrations VALUES (901, 24, 191, '2021-10-20 00:42:00');
INSERT INTO public.registrations VALUES (902, 31, 82, '2022-11-06 03:04:00');
INSERT INTO public.registrations VALUES (903, 5, 139, '2021-01-14 17:31:00');
INSERT INTO public.registrations VALUES (904, 27, 31, '2021-07-16 01:44:00');
INSERT INTO public.registrations VALUES (905, 36, 196, '2021-10-30 23:51:00');
INSERT INTO public.registrations VALUES (906, 9, 36, '2021-05-02 15:50:00');
INSERT INTO public.registrations VALUES (907, 7, 71, '2022-01-20 23:34:00');
INSERT INTO public.registrations VALUES (908, 18, 137, '2021-03-09 14:13:00');
INSERT INTO public.registrations VALUES (909, 2, 96, '2022-12-25 02:49:00');
INSERT INTO public.registrations VALUES (910, 34, 43, '2022-01-08 02:27:00');
INSERT INTO public.registrations VALUES (911, 39, 55, '2021-09-26 20:19:00');
INSERT INTO public.registrations VALUES (912, 25, 35, '2022-06-22 20:56:00');
INSERT INTO public.registrations VALUES (913, 7, 137, '2021-07-30 10:15:00');
INSERT INTO public.registrations VALUES (914, 42, 18, '2022-01-14 21:58:00');
INSERT INTO public.registrations VALUES (915, 32, 103, '2021-06-25 23:39:00');
INSERT INTO public.registrations VALUES (916, 32, 158, '2021-12-28 01:42:00');
INSERT INTO public.registrations VALUES (917, 14, 118, '2022-06-04 04:47:00');
INSERT INTO public.registrations VALUES (918, 24, 145, '2022-09-05 14:10:00');
INSERT INTO public.registrations VALUES (919, 42, 107, '2022-08-11 05:36:00');
INSERT INTO public.registrations VALUES (920, 45, 181, '2021-11-22 03:54:00');
INSERT INTO public.registrations VALUES (921, 5, 39, '2021-04-07 14:36:00');
INSERT INTO public.registrations VALUES (922, 47, 86, '2021-06-08 20:39:00');
INSERT INTO public.registrations VALUES (923, 34, 169, '2021-04-12 03:59:00');
INSERT INTO public.registrations VALUES (924, 23, 61, '2022-04-16 09:58:00');
INSERT INTO public.registrations VALUES (925, 39, 181, '2022-11-21 16:35:00');
INSERT INTO public.registrations VALUES (926, 41, 113, '2022-07-29 22:44:00');
INSERT INTO public.registrations VALUES (927, 20, 68, '2021-01-20 18:49:00');
INSERT INTO public.registrations VALUES (928, 13, 42, '2021-04-03 09:51:00');
INSERT INTO public.registrations VALUES (929, 30, 200, '2022-02-25 14:37:00');
INSERT INTO public.registrations VALUES (930, 26, 65, '2021-09-08 00:15:00');
INSERT INTO public.registrations VALUES (931, 13, 96, '2022-07-21 19:12:00');
INSERT INTO public.registrations VALUES (932, 29, 167, '2022-04-09 17:57:00');
INSERT INTO public.registrations VALUES (933, 7, 80, '2022-05-08 07:36:00');
INSERT INTO public.registrations VALUES (934, 19, 190, '2022-07-14 23:04:00');
INSERT INTO public.registrations VALUES (935, 24, 32, '2021-02-01 10:07:00');
INSERT INTO public.registrations VALUES (936, 3, 126, '2022-06-15 11:31:00');
INSERT INTO public.registrations VALUES (937, 41, 98, '2021-11-17 22:56:00');
INSERT INTO public.registrations VALUES (938, 8, 114, '2022-04-08 05:36:00');
INSERT INTO public.registrations VALUES (939, 30, 181, '2021-07-25 21:12:00');
INSERT INTO public.registrations VALUES (940, 18, 29, '2022-09-23 02:56:00');
INSERT INTO public.registrations VALUES (941, 47, 96, '2022-12-16 10:52:00');
INSERT INTO public.registrations VALUES (942, 13, 92, '2022-10-20 01:12:00');
INSERT INTO public.registrations VALUES (943, 40, 89, '2022-04-09 18:22:00');
INSERT INTO public.registrations VALUES (944, 35, 99, '2022-01-29 09:05:00');
INSERT INTO public.registrations VALUES (945, 36, 167, '2022-12-10 07:59:00');
INSERT INTO public.registrations VALUES (946, 17, 12, '2022-03-18 13:50:00');
INSERT INTO public.registrations VALUES (947, 35, 83, '2021-11-24 20:00:00');
INSERT INTO public.registrations VALUES (948, 35, 137, '2021-08-08 05:44:00');
INSERT INTO public.registrations VALUES (949, 11, 143, '2022-12-09 18:51:00');
INSERT INTO public.registrations VALUES (950, 15, 76, '2021-01-18 05:22:00');
INSERT INTO public.registrations VALUES (951, 34, 33, '2021-11-26 23:50:00');
INSERT INTO public.registrations VALUES (952, 12, 91, '2022-12-27 14:24:00');
INSERT INTO public.registrations VALUES (953, 30, 92, '2022-09-17 16:20:00');
INSERT INTO public.registrations VALUES (954, 33, 18, '2022-06-08 01:47:00');
INSERT INTO public.registrations VALUES (955, 35, 140, '2022-01-04 06:31:00');
INSERT INTO public.registrations VALUES (956, 42, 109, '2021-07-07 00:09:00');
INSERT INTO public.registrations VALUES (957, 45, 176, '2022-08-09 02:01:00');
INSERT INTO public.registrations VALUES (958, 33, 97, '2021-03-25 06:22:00');
INSERT INTO public.registrations VALUES (959, 30, 27, '2022-03-01 08:05:00');
INSERT INTO public.registrations VALUES (960, 4, 180, '2022-04-18 12:21:00');
INSERT INTO public.registrations VALUES (961, 31, 172, '2021-01-23 03:46:00');
INSERT INTO public.registrations VALUES (962, 29, 107, '2022-01-26 10:05:00');
INSERT INTO public.registrations VALUES (963, 45, 101, '2021-02-28 09:25:00');
INSERT INTO public.registrations VALUES (964, 15, 53, '2021-07-23 10:27:00');
INSERT INTO public.registrations VALUES (965, 27, 41, '2022-11-05 05:05:00');
INSERT INTO public.registrations VALUES (966, 3, 197, '2021-10-08 07:37:00');
INSERT INTO public.registrations VALUES (967, 5, 174, '2021-09-03 07:24:00');
INSERT INTO public.registrations VALUES (968, 33, 65, '2021-01-18 11:41:00');
INSERT INTO public.registrations VALUES (969, 18, 143, '2021-10-26 14:44:00');
INSERT INTO public.registrations VALUES (970, 34, 128, '2022-08-30 03:12:00');
INSERT INTO public.registrations VALUES (971, 26, 52, '2022-01-21 06:00:00');
INSERT INTO public.registrations VALUES (972, 18, 82, '2022-04-26 07:53:00');
INSERT INTO public.registrations VALUES (973, 3, 114, '2021-05-12 15:06:00');
INSERT INTO public.registrations VALUES (974, 50, 178, '2022-12-23 05:24:00');
INSERT INTO public.registrations VALUES (975, 34, 67, '2022-08-22 19:10:00');
INSERT INTO public.registrations VALUES (976, 46, 57, '2022-03-30 21:01:00');
INSERT INTO public.registrations VALUES (977, 43, 161, '2022-06-27 23:19:00');
INSERT INTO public.registrations VALUES (978, 32, 135, '2022-04-13 11:43:00');
INSERT INTO public.registrations VALUES (979, 4, 152, '2021-05-28 06:18:00');
INSERT INTO public.registrations VALUES (980, 21, 101, '2022-12-10 16:17:00');
INSERT INTO public.registrations VALUES (981, 44, 18, '2022-08-27 22:41:00');
INSERT INTO public.registrations VALUES (982, 15, 33, '2021-06-30 23:53:00');
INSERT INTO public.registrations VALUES (983, 7, 88, '2022-02-08 03:22:00');
INSERT INTO public.registrations VALUES (984, 35, 171, '2022-08-14 12:26:00');
INSERT INTO public.registrations VALUES (985, 27, 186, '2021-02-10 10:42:00');
INSERT INTO public.registrations VALUES (986, 26, 133, '2022-11-30 22:21:00');
INSERT INTO public.registrations VALUES (987, 11, 84, '2022-07-24 17:21:00');
INSERT INTO public.registrations VALUES (988, 18, 23, '2021-06-27 15:35:00');
INSERT INTO public.registrations VALUES (989, 15, 60, '2022-11-19 07:12:00');
INSERT INTO public.registrations VALUES (990, 17, 110, '2021-03-29 13:41:00');
INSERT INTO public.registrations VALUES (991, 17, 13, '2021-09-26 01:55:00');
INSERT INTO public.registrations VALUES (992, 1, 140, '2022-02-28 13:49:00');
INSERT INTO public.registrations VALUES (993, 31, 130, '2022-11-19 11:57:00');
INSERT INTO public.registrations VALUES (994, 38, 170, '2022-12-29 07:51:00');
INSERT INTO public.registrations VALUES (995, 38, 190, '2021-05-25 21:04:00');
INSERT INTO public.registrations VALUES (996, 38, 129, '2022-07-13 06:42:00');
INSERT INTO public.registrations VALUES (997, 30, 104, '2022-11-29 21:21:00');
INSERT INTO public.registrations VALUES (998, 36, 87, '2022-08-24 00:17:00');
INSERT INTO public.registrations VALUES (999, 19, 21, '2021-09-16 16:04:00');
INSERT INTO public.registrations VALUES (1000, 6, 169, '2022-04-27 09:07:00');


--
-- Name: attendees_attendee_id_seq; Type: SEQUENCE SET; Schema: public; Owner: postgres
--

SELECT pg_catalog.setval('public.attendees_attendee_id_seq', 200, true);


--
-- Name: events_event_id_seq; Type: SEQUENCE SET; Schema: public; Owner: postgres
--

SELECT pg_catalog.setval('public.events_event_id_seq', 50, true);


--
-- Name: registrations_registration_id_seq; Type: SEQUENCE SET; Schema: public; Owner: postgres
--

SELECT pg_catalog.setval('public.registrations_registration_id_seq', 1000, true);


--
-- Name: attendees attendees_pkey; Type: CONSTRAINT; Schema: public; Owner: postgres
--

ALTER TABLE ONLY public.attendees
    ADD CONSTRAINT attendees_pkey PRIMARY KEY (attendee_id);


--
-- Name: events events_pkey; Type: CONSTRAINT; Schema: public; Owner: postgres
--

ALTER TABLE ONLY public.events
    ADD CONSTRAINT events_pkey PRIMARY KEY (event_id);


--
-- Name: registrations registrations_event_id_attendee_id_key; Type: CONSTRAINT; Schema: public; Owner: postgres
--

ALTER TABLE ONLY public.registrations
    ADD CONSTRAINT registrations_event_id_attendee_id_key UNIQUE (event_id, attendee_id);


--
-- Name: registrations registrations_pkey; Type: CONSTRAINT; Schema: public; Owner: postgres
--

ALTER TABLE ONLY public.registrations
    ADD CONSTRAINT registrations_pkey PRIMARY KEY (registration_id);


--
-- Name: registrations registrations_attendee_id_fkey; Type: FK CONSTRAINT; Schema: public; Owner: postgres
--

ALTER TABLE ONLY public.registrations
    ADD CONSTRAINT registrations_attendee_id_fkey FOREIGN KEY (attendee_id) REFERENCES public.attendees(attendee_id);


--
-- Name: registrations registrations_event_id_fkey; Type: FK CONSTRAINT; Schema: public; Owner: postgres
--

ALTER TABLE ONLY public.registrations
    ADD CONSTRAINT registrations_event_id_fkey FOREIGN KEY (event_id) REFERENCES public.events(event_id);


--
-- PostgreSQL database dump complete
--

