event_id,attendee_id,registered_at
25,196,4/7/2022 3:05
23,82,4/6/2022 18:12
14,192,8/16/2021 9:57
9,82,4/10/2022 2:05
1,177,12/5/2021 18:25
23,40,3/7/2022 18:06
33,80,7/29/2022 23:42
23,119,5/5/2022 9:45
37,136,7/10/2021 12:23
11,56,11/2/2021 8:28
5,87,11/6/2022 15:03
36,63,3/6/2022 16:22
48,101,5/31/2022 17:05
20,57,9/25/2021 0:55
20,197,1/6/2022 5:35
20,161,4/29/2022 3:47
21,15,11/3/2022 20:11
1,2,2/26/2021 19:40
24,59,2/1/2022 7:25
44,186,10/3/2021 15:45
45,30,1/25/2021 21:04
41,46,12/11/2022 8:17
14,39,11/4/2022 14:49
39,183,11/19/2021 15:14
37,40,3/7/2021 1:29
44,29,4/25/2021 12:43
39,79,4/27/2021 0:17
13,143,5/8/2021 21:52
32,121,6/1/2021 20:36
8,60,10/13/2022 17:12
31,158,3/14/2022 18:45
42,31,10/11/2022 14:50
5,27,7/23/2021 12:28
48,169,5/2/2022 18:39
27,71,7/26/2021 0:58
45,73,4/17/2021 2:09
27,190,3/14/2022 11:23
50,89,12/26/2021 19:27
3,46,7/13/2021 12:04
32,192,5/11/2021 13:25
24,3,8/4/2021 17:24
24,5,7/11/2022 17:19
15,127,6/8/2021 10:31
16,12,12/11/2021 23:26
21,175,9/26/2022 15:21
36,19,6/11/2022 23:36
37,174,12/21/2022 3:03
7,149,11/3/2022 3:59
44,177,12/1/2022 18:56
2,57,6/20/2021 9:11
50,82,9/2/2021 12:40
5,6,9/6/2021 13:58
2,59,9/30/2022 6:09
39,87,3/28/2021 1:04
13,21,10/11/2021 16:06
21,71,7/20/2022 21:51
35,184,10/1/2021 5:27
26,23,12/29/2022 20:07
18,80,9/12/2021 6:15
23,77,10/8/2022 19:42
42,17,10/18/2022 12:11
41,160,1/1/2021 20:13
30,179,3/11/2022 17:10
40,148,6/16/2022 21:43
8,80,1/12/2021 14:36
18,78,7/18/2021 16:48
1,192,10/9/2021 8:40
27,148,2/13/2022 5:52
11,163,7/1/2022 17:53
29,59,7/10/2021 17:11
36,69,12/17/2022 8:21
15,115,11/26/2021 1:19
13,60,3/25/2022 13:18
3,146,4/17/2022 12:38
50,114,9/24/2022 1:13
2,191,9/28/2021 21:48
4,28,5/26/2021 14:23
36,73,7/28/2021 6:33
42,173,11/23/2022 23:19
35,200,12/24/2022 0:19
7,70,7/29/2021 15:53
12,20,9/2/2022 15:56
15,82,4/11/2021 0:59
33,103,6/30/2021 15:26
24,68,2/16/2021 0:16
25,155,9/1/2022 2:12
23,95,10/25/2021 5:02
15,67,2/1/2021 16:48
32,104,8/13/2021 6:10
26,70,9/8/2022 14:23
50,145,8/17/2022 9:29
42,124,4/28/2022 10:00
48,188,9/9/2022 13:01
4,153,7/18/2021 7:17
46,188,7/14/2022 2:13
11,192,5/9/2021 18:19
18,79,6/26/2022 3:17
15,101,3/31/2021 21:05
38,141,9/11/2021 10:34
46,180,10/21/2021 17:48
33,147,10/31/2021 11:43
25,64,9/12/2022 15:31
31,81,11/11/2022 6:14
6,26,3/2/2021 13:10
20,196,1/29/2022 17:32
21,181,9/15/2021 15:09
42,135,11/4/2022 10:35
2,27,5/24/2021 7:02
15,130,9/22/2022 13:20
1,98,3/5/2021 10:16
46,153,3/8/2022 1:19
40,189,8/9/2021 4:42
47,108,8/2/2021 17:39
17,171,3/2/2021 10:26
26,48,2/10/2022 10:26
35,167,9/23/2022 13:02
14,82,12/8/2021 20:32
18,195,11/12/2022 21:40
13,97,2/18/2022 3:05
25,54,12/20/2021 21:01
39,109,3/18/2022 4:48
2,62,4/28/2022 12:37
38,25,4/8/2022 23:43
1,107,8/12/2022 14:49
30,25,3/5/2021 14:31
34,119,1/27/2021 5:28
30,108,7/12/2022 14:00
40,156,12/7/2021 12:45
11,142,12/11/2021 22:36
11,109,9/14/2021 11:32
8,112,6/23/2022 4:28
42,114,6/4/2022 18:06
47,40,3/21/2022 14:12
41,128,9/20/2022 9:29
25,46,10/9/2022 14:06
32,116,7/16/2021 15:03
40,1,1/27/2021 5:58
14,16,7/20/2022 23:49
44,6,12/17/2022 4:54
43,38,2/5/2022 15:51
14,74,6/1/2021 22:47
50,64,8/19/2022 1:36
20,102,10/13/2022 21:53
1,46,5/16/2021 6:10
18,164,3/23/2022 11:08
9,124,12/24/2021 2:33
22,176,6/16/2022 7:38
26,22,1/26/2021 19:52
3,27,3/28/2022 6:13
14,115,3/12/2021 8:10
24,108,2/18/2022 22:38
15,40,6/7/2022 8:11
29,159,7/17/2022 16:59
27,182,6/28/2022 22:43
31,34,1/11/2021 23:42
8,70,1/29/2021 18:11
1,112,10/20/2021 17:50
15,73,12/10/2021 17:24
26,121,1/13/2022 22:50
24,80,2/15/2021 6:44
41,199,8/20/2021 15:59
16,115,2/13/2022 15:27
23,191,9/21/2022 12:51
20,67,10/4/2021 2:40
40,70,9/21/2021 17:12
3,118,12/14/2021 1:54
35,65,6/8/2021 19:34
39,174,11/20/2022 9:12
22,168,4/21/2022 0:21
41,151,7/21/2022 2:53
14,37,3/1/2022 18:46
6,79,10/21/2022 0:42
8,45,4/1/2022 21:55
16,172,6/16/2021 21:39
21,125,12/13/2021 19:53
40,42,11/29/2021 16:18
18,190,5/9/2022 21:43
9,84,9/16/2021 22:55
30,124,5/7/2021 3:41
5,125,1/26/2022 14:50
3,166,12/31/2021 3:09
9,105,3/1/2021 23:53
1,39,9/13/2022 11:23
6,177,5/2/2021 18:43
25,111,9/12/2021 20:46
43,137,12/13/2021 8:30
38,106,8/26/2021 2:29
15,142,1/31/2021 8:38
42,192,6/7/2022 11:23
18,83,6/16/2022 15:22
13,170,7/24/2021 4:15
36,98,5/28/2021 14:03
38,77,9/14/2022 15:21
46,107,12/5/2021 5:51
25,197,12/29/2021 8:34
15,109,5/19/2021 4:23
37,29,10/2/2022 4:40
42,152,3/28/2022 13:31
6,67,11/3/2021 22:44
48,118,2/6/2021 18:36
47,37,10/14/2021 5:35
39,163,11/21/2021 2:45
46,53,8/21/2021 17:38
23,198,4/24/2021 9:18
5,132,10/31/2022 11:12
12,79,9/7/2021 11:44
46,39,11/2/2022 0:03
45,90,6/17/2021 17:57
23,184,4/12/2022 19:24
34,58,12/25/2021 17:53
7,51,8/10/2021 8:20
6,187,10/14/2022 5:02
23,75,2/16/2021 21:53
42,58,11/22/2022 23:12
42,97,3/30/2021 21:16
25,85,7/2/2022 4:41
38,54,9/25/2021 19:25
7,148,12/4/2021 9:55
2,186,2/11/2021 23:06
46,66,3/17/2022 19:08
19,120,4/8/2022 14:04
16,31,5/13/2022 9:23
43,12,2/11/2022 3:11
1,104,1/14/2022 11:30
33,144,3/8/2022 1:18
1,69,10/24/2021 1:26
3,175,6/19/2021 12:37
1,51,8/18/2022 8:06
6,122,10/14/2021 1:15
6,175,8/20/2022 11:52
3,32,5/20/2022 7:54
9,43,8/7/2022 2:56
8,37,4/17/2022 10:14
47,149,1/13/2022 20:56
39,81,12/30/2021 19:59
5,107,3/11/2022 5:13
42,136,10/23/2022 7:42
29,132,12/8/2021 4:43
27,187,2/13/2021 14:18
14,181,1/13/2022 22:38
25,101,10/20/2021 15:00
23,192,7/26/2022 13:43
36,56,6/12/2021 3:45
33,56,8/8/2021 16:31
7,27,8/9/2021 3:38
15,6,5/21/2021 6:01
26,66,6/20/2022 20:02
3,49,9/6/2022 21:38
36,62,9/7/2021 12:30
47,182,5/12/2022 15:44
21,50,11/2/2021 7:45
1,133,4/26/2022 15:05
23,154,11/23/2021 7:50
43,123,4/1/2022 4:29
5,102,1/11/2021 21:11
47,29,7/13/2021 13:54
48,11,12/10/2022 21:54
23,9,9/7/2022 6:18
43,98,7/26/2022 16:18
33,61,5/7/2021 16:31
36,129,10/15/2022 15:15
36,99,10/6/2022 1:19
35,72,6/16/2021 2:57
3,30,8/3/2021 5:29
48,123,11/4/2021 5:30
1,94,1/3/2022 15:34
22,112,11/12/2021 3:08
17,118,9/29/2021 16:02
5,65,5/19/2022 15:30
1,167,2/7/2021 20:15
1,54,10/13/2022 4:50
35,91,10/13/2022 15:48
15,25,11/10/2022 14:08
27,110,7/17/2021 15:28
6,150,6/29/2022 16:38
31,5,1/20/2022 6:40
36,70,11/18/2021 12:50
22,159,12/29/2021 9:10
5,77,11/10/2022 16:22
45,91,1/23/2022 14:09
33,135,6/10/2022 5:08
4,98,2/19/2021 22:05
46,76,6/28/2022 4:08
41,163,10/28/2022 4:35
20,119,11/26/2022 18:39
24,154,4/27/2021 5:51
32,140,2/22/2022 11:41
12,92,4/29/2022 21:45
42,125,11/20/2022 17:42
30,112,9/13/2022 15:50
27,85,4/18/2021 0:52
23,182,1/27/2022 20:14
9,111,3/8/2022 10:35
40,2,2/14/2022 1:28
50,4,1/15/2021 16:49
33,160,10/13/2021 10:03
6,28,5/8/2021 8:55
21,59,7/3/2022 21:16
24,54,2/1/2022 5:28
1,81,4/25/2021 20:52
3,196,9/3/2021 0:10
14,131,10/25/2022 5:49
13,128,9/10/2021 7:17
47,101,11/27/2021 10:00
7,13,4/1/2021 22:47
12,126,4/10/2021 22:08
38,65,1/21/2021 22:56
1,32,1/19/2021 11:18
47,126,2/10/2021 14:26
46,113,8/7/2021 0:54
8,191,1/9/2022 8:28
23,171,10/27/2022 9:53
33,200,10/19/2022 14:13
41,162,4/8/2021 8:01
18,187,6/30/2021 2:37
9,176,4/24/2022 11:12
20,64,11/26/2021 6:14
33,191,5/23/2022 3:11
50,144,12/2/2022 17:53
34,198,6/4/2021 13:33
14,200,9/17/2021 18:58
36,198,8/24/2021 16:40
42,141,6/20/2022 21:59
7,198,3/1/2022 1:15
42,172,1/21/2022 21:35
44,19,5/7/2021 9:15
39,89,4/2/2021 23:03
7,178,3/31/2021 18:15
39,4,8/19/2021 0:04
22,192,2/6/2022 22:02
50,128,6/17/2021 17:33
50,196,10/18/2022 8:02
8,99,10/3/2021 14:58
22,113,5/3/2021 16:19
35,136,7/12/2021 6:48
23,81,3/9/2021 21:04
21,47,11/6/2021 5:25
8,200,9/19/2021 0:01
25,71,9/27/2022 8:49
47,42,12/14/2022 23:33
8,101,11/26/2021 8:56
43,199,5/3/2021 17:25
40,13,8/4/2021 13:21
47,94,2/18/2022 9:45
45,93,7/13/2022 21:20
8,168,8/9/2022 23:48
9,104,10/20/2021 23:05
38,94,10/9/2021 16:01
43,147,4/13/2022 13:15
24,42,4/1/2022 16:54
29,181,4/2/2021 0:05
4,154,4/9/2022 16:59
36,58,1/26/2022 8:03
42,193,5/22/2022 18:41
16,144,4/19/2022 6:12
29,153,7/25/2021 6:51
16,29,6/28/2021 19:09
40,32,7/2/2021 0:21
5,183,2/11/2022 23:24
25,13,1/6/2022 16:49
42,108,1/8/2021 16:41
3,154,12/8/2022 1:17
17,129,8/22/2022 22:55
41,138,6/20/2021 3:32
12,33,4/20/2021 1:36
20,198,11/20/2022 17:32
26,100,7/30/2022 16:31
17,6,3/30/2021 3:40
41,21,7/14/2021 14:51
40,168,9/16/2022 0:13
11,82,2/14/2022 17:00
2,124,4/18/2021 20:42
37,102,11/21/2022 9:53
15,182,6/21/2022 11:18
6,194,2/7/2021 5:10
39,19,12/14/2021 5:12
25,28,2/21/2021 10:51
36,55,6/20/2022 22:18
42,165,1/25/2021 4:58
29,49,4/5/2021 5:00
25,11,2/18/2022 6:09
17,153,5/18/2022 6:39
43,194,10/8/2022 16:04
47,95,1/16/2021 4:09
25,104,11/30/2021 7:18
43,187,2/22/2022 10:07
47,43,3/4/2022 13:44
29,183,12/11/2022 0:34
13,195,2/11/2022 23:27
34,68,12/23/2021 4:58
42,86,1/6/2021 17:47
32,100,8/15/2021 16:29
40,71,4/15/2022 1:53
17,200,5/28/2021 6:37
38,166,9/22/2021 20:11
12,164,3/30/2022 11:06
32,191,2/23/2021 19:37
41,186,10/30/2021 20:44
9,170,12/4/2021 11:08
41,56,5/30/2021 3:09
7,17,3/13/2022 22:18
20,3,9/8/2021 6:16
31,20,11/8/2021 0:42
44,119,9/25/2021 19:01
29,51,9/20/2021 16:51
16,50,4/9/2021 4:21
16,34,7/6/2022 6:53
6,176,1/20/2021 7:28
43,86,6/5/2022 0:17
8,91,7/31/2021 0:09
29,24,9/11/2022 4:00
23,139,9/4/2021 18:00
31,36,12/7/2022 3:50
38,172,3/15/2022 7:16
42,128,7/12/2022 13:43
25,69,12/16/2021 23:10
33,141,1/16/2022 21:23
41,95,11/16/2022 5:01
43,67,8/21/2021 1:59
42,57,4/29/2022 14:09
11,174,5/10/2022 20:19
39,45,8/10/2022 4:13
43,121,5/30/2021 19:25
43,154,9/7/2021 9:57
4,176,6/2/2022 20:54
34,143,1/14/2022 18:06
19,36,5/28/2021 19:28
41,145,6/17/2021 23:07
17,128,6/25/2021 16:55
41,7,12/5/2022 1:22
26,110,8/16/2022 20:55
48,189,6/4/2022 1:15
34,136,10/31/2022 15:29
37,158,1/18/2021 2:10
19,57,9/27/2021 19:39
19,196,6/10/2021 3:59
38,199,10/5/2021 4:49
3,22,8/5/2022 10:15
9,78,1/16/2022 17:13
40,147,10/19/2022 0:50
32,133,10/3/2021 8:52
14,29,6/23/2021 1:47
33,1,10/1/2021 22:09
47,143,10/11/2022 21:14
22,44,10/4/2021 0:49
2,160,11/12/2022 16:56
33,38,5/20/2021 14:12
36,61,2/11/2021 3:14
23,130,5/16/2022 4:47
37,107,3/29/2021 15:31
25,132,4/22/2021 22:39
43,155,1/1/2021 4:40
43,153,2/17/2021 7:04
42,50,7/17/2021 9:12
42,106,5/26/2022 17:50
13,136,1/8/2022 16:08
11,176,4/16/2022 19:03
35,194,3/28/2021 7:41
43,39,4/5/2022 13:58
35,124,11/7/2022 2:24
40,99,4/7/2021 17:04
4,159,4/26/2021 8:20
34,156,5/22/2022 0:35
18,138,11/5/2022 16:29
27,46,6/23/2021 1:39
39,44,8/16/2021 7:02
29,121,2/20/2021 0:48
7,65,8/13/2021 18:23
24,93,7/20/2021 11:46
6,66,9/22/2021 4:14
6,126,12/17/2022 18:24
16,21,4/13/2021 23:42
39,125,5/18/2021 9:11
3,40,7/13/2022 8:41
15,69,5/12/2021 5:12
14,62,6/10/2021 1:19
23,104,7/26/2021 1:02
11,116,8/5/2022 21:56
20,90,1/8/2022 19:51
8,181,6/7/2022 20:10
15,190,5/6/2022 13:50
37,76,6/22/2021 12:36
46,90,2/6/2022 8:58
43,63,5/2/2022 20:44
5,157,12/8/2021 17:08
36,187,11/30/2021 19:47
27,70,8/21/2022 15:12
25,174,1/23/2021 10:59
24,91,11/25/2022 8:30
30,32,1/18/2022 6:46
36,47,2/2/2021 22:58
15,170,3/28/2022 20:06
2,197,9/22/2022 4:29
3,83,6/16/2022 19:59
29,146,1/2/2022 6:47
17,168,4/20/2022 18:00
17,79,11/24/2021 13:05
32,113,9/29/2022 7:49
33,131,6/7/2021 23:49
19,182,11/14/2021 1:16
15,5,4/25/2022 12:00
6,89,6/30/2021 16:04
37,185,12/4/2022 23:31
37,19,2/5/2021 20:50
2,53,6/1/2021 7:35
16,39,10/6/2022 22:49
9,130,4/19/2021 18:07
30,87,12/14/2021 18:49
30,84,12/17/2022 2:29
8,97,12/21/2022 13:21
9,173,9/3/2021 10:57
25,31,2/11/2021 6:03
11,32,8/31/2021 23:50
20,12,7/27/2021 4:21
1,71,7/25/2021 9:27
13,130,3/27/2021 15:17
34,159,4/28/2022 3:07
13,148,9/29/2022 5:39
38,10,10/17/2022 20:08
47,76,2/14/2022 17:25
17,152,4/19/2022 9:34
29,42,2/1/2021 0:46
38,98,7/4/2022 0:11
11,115,8/2/2021 17:08
9,96,10/3/2022 15:38
44,148,9/5/2021 6:19
3,6,5/31/2021 10:27
22,94,1/31/2022 17:47
36,18,12/12/2022 12:50
13,200,7/18/2022 19:25
3,174,1/27/2021 11:37
21,103,5/3/2022 19:19
20,63,9/27/2022 10:03
15,12,8/12/2022 1:43
5,83,1/2/2021 7:13
11,45,1/8/2022 3:30
18,40,5/28/2022 6:49
27,141,12/15/2022 16:28
29,124,7/28/2021 3:03
15,148,4/3/2021 4:11
47,5,5/15/2022 1:42
45,84,12/15/2022 16:37
39,186,12/3/2021 4:15
50,104,12/17/2021 15:13
18,8,9/7/2022 9:38
30,40,8/30/2022 1:08
13,151,4/14/2022 1:33
33,93,8/8/2022 13:28
31,170,7/3/2021 11:11
23,80,5/5/2022 15:14
37,193,10/30/2021 12:44
30,38,3/28/2022 1:42
2,94,11/14/2022 2:17
46,151,11/10/2022 0:18
23,74,10/10/2021 20:35
36,125,2/23/2022 6:52
41,70,5/2/2021 18:43
7,52,3/8/2022 14:06
39,162,12/12/2021 22:55
30,133,10/25/2021 15:40
23,165,5/4/2022 22:25
6,171,7/10/2021 7:18
38,66,12/3/2022 3:52
33,156,12/23/2022 5:15
25,167,10/9/2021 2:07
16,94,2/25/2021 1:05
32,134,8/17/2022 21:06
47,160,8/23/2022 4:41
38,45,1/6/2022 0:41
16,151,8/10/2022 9:56
11,184,9/16/2022 13:49
4,99,4/13/2022 19:58
29,38,3/21/2022 5:12
45,112,8/30/2022 3:08
43,93,6/19/2021 12:34
13,14,1/28/2021 0:50
18,194,5/8/2021 21:52
3,104,9/8/2022 1:29
50,129,12/1/2022 4:04
36,52,11/30/2021 9:53
13,172,4/15/2021 1:36
39,21,7/12/2021 5:36
43,7,12/15/2022 21:50
9,10,2/12/2021 20:09
17,114,12/26/2021 22:59
11,78,3/31/2022 12:36
26,144,2/13/2022 16:14
12,73,11/6/2022 20:36
21,191,5/18/2021 16:11
9,127,9/13/2022 17:54
40,67,9/21/2022 13:36
46,42,10/24/2021 11:48
21,8,12/4/2022 6:11
35,51,11/22/2021 18:15
34,31,12/12/2021 4:29
14,47,12/12/2022 21:38
14,170,9/7/2021 20:56
46,176,6/7/2022 10:03
37,53,8/16/2022 13:39
25,149,10/13/2022 23:24
9,100,7/12/2022 8:51
1,151,2/14/2021 11:34
12,41,4/24/2021 2:52
14,178,12/22/2022 3:42
1,193,1/29/2022 5:10
39,3,6/20/2022 20:55
44,57,12/22/2022 2:52
5,45,8/11/2022 14:54
42,34,11/22/2022 21:36
24,33,7/7/2022 22:16
50,103,12/14/2022 11:01
18,66,1/17/2021 5:00
23,160,4/14/2021 6:50
21,83,11/23/2021 16:53
36,157,11/11/2022 19:00
31,138,4/14/2021 3:18
23,48,7/25/2021 11:55
39,43,11/19/2021 18:32
32,176,6/21/2022 1:39
27,164,4/18/2021 13:26
15,160,11/4/2022 2:26
12,139,7/16/2021 13:44
13,82,6/7/2021 20:04
29,20,12/9/2022 13:34
45,8,12/1/2021 5:51
25,123,1/30/2022 14:46
48,9,4/25/2022 19:26
37,10,7/5/2022 11:24
29,48,11/7/2022 9:24
45,172,4/3/2022 0:23
13,109,1/5/2022 12:59
39,187,5/31/2022 22:21
46,25,3/11/2022 15:27
42,156,8/29/2022 3:52
37,88,10/3/2022 9:05
35,59,3/26/2021 19:03
31,174,6/15/2022 6:14
36,149,3/12/2021 16:00
18,49,10/20/2021 19:01
4,20,2/14/2021 15:05
7,138,1/5/2022 4:21
50,53,7/18/2022 16:11
50,176,2/7/2022 12:55
9,70,12/7/2022 6:58
42,131,12/3/2022 5:56
19,146,9/10/2022 1:18
50,143,7/8/2021 14:53
24,87,2/20/2022 14:10
42,40,11/27/2021 11:57
29,135,3/28/2021 15:02
25,16,8/3/2022 13:48
7,60,8/2/2021 9:28
20,175,12/30/2021 18:03
3,85,6/15/2022 10:30
43,149,12/5/2022 16:30
23,138,1/22/2022 8:45
37,42,3/27/2021 2:06
2,6,2/14/2022 18:34
4,113,11/20/2022 21:17
20,76,7/14/2021 18:30
41,61,9/22/2022 1:26
48,60,11/13/2022 13:44
41,43,6/25/2022 21:45
37,94,2/4/2022 13:22
29,17,1/17/2021 12:13
9,71,12/14/2021 17:03
8,128,2/7/2022 7:55
1,126,7/12/2021 12:09
8,187,11/1/2021 22:49
14,130,2/28/2022 15:04
27,114,6/2/2022 17:37
35,81,8/13/2022 4:52
35,63,6/9/2022 13:19
19,189,6/8/2021 16:52
32,157,3/1/2021 5:34
25,90,7/22/2022 20:48
46,32,6/3/2021 8:07
1,90,10/2/2022 20:42
12,168,7/26/2022 15:12
16,93,5/12/2022 9:32
16,104,12/6/2022 2:28
25,59,3/22/2021 13:31
4,179,1/21/2021 14:38
34,173,9/20/2022 14:19
20,180,4/18/2022 3:34
45,128,12/7/2022 1:48
31,169,2/21/2022 12:59
22,84,10/7/2022 12:17
5,51,11/20/2021 17:48
12,47,10/9/2021 21:54
42,164,4/19/2021 12:59
8,105,1/16/2021 4:15
39,118,11/3/2021 18:39
22,18,2/25/2021 23:33
24,65,1/17/2021 18:29
38,140,7/29/2021 5:01
40,34,9/7/2021 13:43
22,71,8/23/2021 9:14
8,111,2/10/2021 20:16
12,39,6/1/2021 16:55
7,119,12/22/2021 1:40
7,72,7/21/2021 4:45
15,18,5/2/2022 1:00
15,110,10/6/2022 9:31
9,143,10/11/2021 15:19
23,120,5/4/2021 17:39
48,34,7/18/2021 10:56
26,94,12/19/2022 3:14
39,182,11/6/2021 10:48
16,16,3/16/2022 0:24
33,129,1/7/2022 3:39
41,116,6/7/2021 2:21
23,103,1/3/2022 16:31
35,84,7/22/2021 21:01
25,18,8/27/2021 5:48
37,61,8/8/2022 18:12
43,90,3/14/2022 20:00
12,72,5/22/2022 8:13
15,16,8/16/2022 15:21
17,127,7/26/2022 23:09
46,117,1/29/2022 7:51
1,139,10/28/2021 22:23
29,56,8/11/2021 7:36
19,157,12/26/2022 15:30
13,71,12/13/2022 2:22
22,79,10/24/2022 12:57
21,118,7/31/2021 0:44
27,84,4/30/2022 8:50
50,124,12/1/2021 2:00
41,68,5/23/2022 13:23
17,119,7/18/2022 12:41
21,114,7/23/2021 5:17
36,36,1/18/2021 16:53
36,115,10/31/2021 10:28
47,154,8/8/2021 19:05
16,65,7/20/2021 9:41
45,39,12/5/2022 15:44
24,116,12/5/2022 6:01
7,34,2/26/2021 6:50
9,164,5/16/2021 15:25
38,160,11/26/2021 1:33
39,97,11/2/2022 21:06
45,122,9/14/2022 7:34
25,182,8/23/2021 23:42
34,13,9/14/2021 4:21
31,124,10/12/2021 22:19
32,119,1/21/2022 6:51
3,127,6/29/2022 1:24
27,143,2/13/2022 19:19
34,92,1/14/2021 18:28
34,158,1/2/2022 4:13
21,115,3/17/2022 23:17
36,82,10/7/2021 9:31
26,14,11/1/2022 12:56
31,122,3/16/2021 6:16
27,44,1/9/2021 0:38
17,45,2/18/2021 18:38
45,16,1/8/2021 6:54
12,99,10/3/2021 9:24
37,130,2/22/2022 18:28
48,196,4/9/2022 23:48
30,105,2/18/2022 19:09
29,18,11/4/2021 0:16
44,125,10/2/2021 6:48
9,24,12/31/2021 18:38
42,78,4/6/2021 22:07
6,128,8/11/2022 9:29
20,91,1/21/2022 14:53
22,122,6/16/2022 5:59
33,89,2/1/2022 16:10
9,110,6/23/2021 8:59
44,73,5/14/2022 20:16
14,59,3/4/2022 3:34
18,74,4/17/2022 0:00
5,98,4/2/2022 9:22
6,71,6/5/2021 23:24
16,41,7/30/2022 2:53
9,125,9/29/2022 20:21
24,14,8/5/2022 3:04
37,170,2/16/2022 21:05
29,77,2/26/2022 8:35
27,105,3/19/2022 6:47
2,44,3/4/2022 2:28
38,189,7/24/2022 22:22
23,100,9/1/2021 1:59
21,46,8/9/2022 17:07
18,86,8/22/2021 13:34
22,195,10/25/2021 7:17
16,155,10/29/2021 22:43
24,128,4/29/2022 16:16
23,33,8/13/2021 13:34
8,20,4/21/2022 15:24
29,111,5/20/2022 0:39
8,94,5/19/2021 15:18
29,193,3/9/2022 5:07
15,147,1/15/2022 19:28
15,54,8/26/2022 15:58
2,40,11/30/2022 22:30
16,164,10/18/2022 8:40
16,98,5/24/2021 20:57
25,29,1/31/2021 21:10
7,33,8/27/2022 9:43
41,123,12/11/2021 12:59
1,119,4/3/2022 9:46
37,124,12/13/2022 4:09
1,195,11/27/2021 4:45
38,11,12/12/2022 20:55
23,3,6/15/2022 10:54
21,155,12/23/2021 15:15
45,131,8/20/2022 1:29
29,199,3/1/2021 5:29
7,155,4/27/2022 9:44
14,91,11/12/2022 19:09
30,10,5/12/2021 0:27
12,157,2/5/2021 16:05
31,98,12/8/2022 9:37
45,42,3/6/2021 22:09
17,94,7/3/2021 10:43
25,122,5/1/2022 3:19
2,75,4/23/2021 4:11
19,6,2/8/2021 20:09
36,97,7/14/2022 11:43
19,72,8/14/2022 1:15
30,97,1/25/2021 9:12
4,120,7/16/2022 23:56
5,172,4/14/2021 21:01
43,167,5/23/2022 13:00
13,153,11/2/2021 22:45
4,147,6/29/2022 21:54
18,100,12/19/2022 21:51
17,78,1/7/2021 14:46
30,16,5/26/2022 23:53
2,126,7/22/2022 3:02
8,34,1/16/2021 0:30
45,45,4/19/2022 7:00
24,67,1/26/2021 19:38
19,77,7/30/2022 0:31
25,7,1/23/2021 17:20
18,91,1/9/2021 19:19
33,182,10/8/2022 16:17
15,167,3/28/2021 16:04
23,124,12/5/2021 16:55
30,60,4/4/2022 4:51
14,81,6/14/2022 17:25
35,43,8/23/2021 18:02
37,87,5/18/2022 15:33
13,93,10/24/2022 8:17
6,161,5/8/2022 5:50
30,122,9/3/2022 17:34
45,165,10/26/2022 17:46
50,123,12/19/2021 13:58
24,8,6/11/2022 6:33
7,67,6/28/2021 0:08
25,57,2/13/2022 21:30
41,60,12/8/2021 8:52
24,141,3/8/2021 12:51
15,113,6/3/2021 11:19
6,132,1/14/2021 10:35
46,170,6/6/2022 5:16
46,126,1/22/2021 22:39
34,163,1/31/2022 12:54
26,180,8/8/2022 12:30
45,5,1/8/2022 12:47
27,118,1/14/2021 6:16
4,163,10/13/2022 20:00
37,21,10/24/2022 16:53
21,65,2/11/2021 11:01
42,167,3/31/2022 13:53
3,163,7/4/2021 19:42
20,150,6/10/2021 10:26
37,82,2/5/2021 19:19
13,127,8/31/2021 19:34
19,76,9/28/2022 9:48
12,13,12/2/2022 8:01
50,126,3/17/2022 15:03
45,138,10/1/2021 18:52
50,35,9/2/2022 23:55
7,146,7/26/2021 21:36
11,14,7/6/2021 1:57
22,116,11/8/2022 22:39
36,57,2/26/2022 14:57
42,29,12/11/2022 5:38
1,22,11/27/2021 17:15
22,19,4/28/2021 14:59
48,10,2/6/2021 22:06
5,175,10/29/2021 23:34
36,17,9/26/2021 21:20
36,178,7/3/2021 10:45
36,96,10/20/2021 10:47
42,148,8/26/2022 11:25
41,27,10/16/2022 5:49
31,42,3/30/2021 8:37
45,192,2/19/2021 4:39
38,69,11/13/2022 15:59
13,56,11/12/2022 1:03
7,196,2/9/2022 11:22
17,64,12/27/2021 14:26
33,78,3/18/2022 23:02
42,186,6/15/2022 5:10
33,12,6/26/2022 22:25
24,191,10/20/2021 0:42
31,82,11/6/2022 3:04
5,139,1/14/2021 17:31
27,31,7/16/2021 1:44
36,196,10/30/2021 23:51
9,36,5/2/2021 15:50
7,71,1/20/2022 23:34
18,137,3/9/2021 14:13
2,96,12/25/2022 2:49
34,43,1/8/2022 2:27
39,55,9/26/2021 20:19
25,35,6/22/2022 20:56
7,137,7/30/2021 10:15
42,18,1/14/2022 21:58
32,103,6/25/2021 23:39
32,158,12/28/2021 1:42
14,118,6/4/2022 4:47
24,145,9/5/2022 14:10
42,107,8/11/2022 5:36
45,181,11/22/2021 3:54
5,39,4/7/2021 14:36
47,86,6/8/2021 20:39
34,169,4/12/2021 3:59
23,61,4/16/2022 9:58
39,181,11/21/2022 16:35
41,113,7/29/2022 22:44
20,68,1/20/2021 18:49
13,42,4/3/2021 9:51
30,200,2/25/2022 14:37
26,65,9/8/2021 0:15
13,96,7/21/2022 19:12
29,167,4/9/2022 17:57
7,80,5/8/2022 7:36
19,190,7/14/2022 23:04
24,32,2/1/2021 10:07
3,126,6/15/2022 11:31
41,98,11/17/2021 22:56
8,114,4/8/2022 5:36
30,181,7/25/2021 21:12
18,29,9/23/2022 2:56
47,96,12/16/2022 10:52
13,92,10/20/2022 1:12
40,89,4/9/2022 18:22
35,99,1/29/2022 9:05
36,167,12/10/2022 7:59
17,12,3/18/2022 13:50
35,83,11/24/2021 20:00
35,137,8/8/2021 5:44
11,143,12/9/2022 18:51
15,76,1/18/2021 5:22
34,33,11/26/2021 23:50
12,91,12/27/2022 14:24
30,92,9/17/2022 16:20
33,18,6/8/2022 1:47
35,140,1/4/2022 6:31
42,109,7/7/2021 0:09
45,176,8/9/2022 2:01
33,97,3/25/2021 6:22
30,27,3/1/2022 8:05
4,180,4/18/2022 12:21
31,172,1/23/2021 3:46
29,107,1/26/2022 10:05
45,101,2/28/2021 9:25
15,53,7/23/2021 10:27
27,41,11/5/2022 5:05
3,197,10/8/2021 7:37
5,174,9/3/2021 7:24
33,65,1/18/2021 11:41
18,143,10/26/2021 14:44
34,128,8/30/2022 3:12
26,52,1/21/2022 6:00
18,82,4/26/2022 7:53
3,114,5/12/2021 15:06
50,178,12/23/2022 5:24
34,67,8/22/2022 19:10
46,57,3/30/2022 21:01
43,161,6/27/2022 23:19
32,135,4/13/2022 11:43
4,152,5/28/2021 6:18
21,101,12/10/2022 16:17
44,18,8/27/2022 22:41
15,33,6/30/2021 23:53
7,88,2/8/2022 3:22
35,171,8/14/2022 12:26
27,186,2/10/2021 10:42
26,133,11/30/2022 22:21
11,84,7/24/2022 17:21
18,23,6/27/2021 15:35
15,60,11/19/2022 7:12
17,110,3/29/2021 13:41
17,13,9/26/2021 1:55
1,140,2/28/2022 13:49
31,130,11/19/2022 11:57
38,170,12/29/2022 7:51
38,190,5/25/2021 21:04
38,129,7/13/2022 6:42
30,104,11/29/2022 21:21
36,87,8/24/2022 0:17
19,21,9/16/2021 16:04
6,169,4/27/2022 9:07
